{"train_loss": [0.3599342277308029, 0.2194251029372767, 0.14602715681582965, 0.09999824493813018], "val_loss": [0.31352796676484024, 0.276593903943219, 0.29047214531932364, 0.32133183339187366], "train_acc": [0.8417245370370371, 0.9215856481481481, 0.9557291666666666, 0.9713541666666666], "val_acc": [0.8926096997690531, 0.9064665127020786, 0.9249422632794457, 0.9145496535796767]}