{"train_loss": [0.5015650206746963, 0.3508058010528867, 0.2549559439245898, 0.19772612464685851], "val_loss": [0.496904875510014, 0.4567415728591956, 0.5004904280201747, 0.48906428266603214], "train_acc": [0.7503008423586041, 0.8459687123947052, 0.8995186522262335, 0.9308062575210589], "val_acc": [0.7614457831325301, 0.7975903614457831, 0.8192771084337349, 0.8313253012048193]}