{"train_loss": [0.31992677138704395, 0.185890349223175, 0.12679488421633356, 0.08603479955410068], "val_loss": [0.29579025603492154, 0.3485447451302951, 0.3757617445937781, 0.4258839375127784], "train_acc": [0.8674768518518519, 0.9372106481481481, 0.9618055555555556, 0.9728009259259259], "val_acc": [0.9006928406466512, 0.9030023094688222, 0.9110854503464203, 0.9041570438799076]}