{"train_loss": [0.493146833892052, 0.32734700206380624, 0.23454796171818787, 0.17869316471310762], "val_loss": [0.4595659128748454, 0.3941034445395836, 0.5072578821474543, 0.470524900377943], "train_acc": [0.7575210589651022, 0.8676293622141997, 0.9139590854392299, 0.9386281588447654], "val_acc": [0.7783132530120482, 0.8192771084337349, 0.8192771084337349, 0.8433734939759037]}