{"train_loss": [0.37424446010174084, 0.2492597741433061, 0.19223384625421694, 0.12933097632440665], "val_loss": [0.4110983868111979, 0.3663589178391223, 0.42839683421869884, 0.4666568964350758], "train_acc": [0.8297232250300842, 0.9070397111913358, 0.9320096269554753, 0.9596871239470517], "val_acc": [0.8763505402160864, 0.8739495798319328, 0.8871548619447779, 0.8871548619447779]}