{"train_loss": [0.44062899554578155, 0.2453729899134487, 0.16486476960842714, 0.1150135033710215], "val_loss": [0.3890469830769759, 0.4006540345457884, 0.4695351359506066, 0.48875655090579617], "train_acc": [0.8014440433212996, 0.9115523465703971, 0.9464500601684718, 0.9651022864019254], "val_acc": [0.8337349397590361, 0.8530120481927711, 0.8650602409638555, 0.8602409638554217]}