{"train_loss": [0.2849959046373853, 0.12920485534169504, 0.0821794677315593, 0.05305380388719351], "val_loss": [0.13317655319155292, 0.12994641552133293, 0.10985425038359545, 0.12258287514800784], "train_acc": [0.8918014500836586, 0.9615170105967652, 0.9765755716675962, 0.9860568878973787], "val_acc": [0.955456570155902, 0.9621380846325167, 0.9710467706013363, 0.9688195991091314]}