{"loss": [0.4636754095554352, 0.15003681182861328, 0.09970945864915848, 0.052835334092378616, 0.034723810851573944], "binary_accuracy": [0.7655897736549377, 0.9466566443443298, 0.9669421315193176, 0.9834710955619812, 0.984222412109375], "val_loss": [0.12185632437467575, 0.11630100011825562, 0.14059826731681824, 0.15053269267082214, 0.16536995768547058], "val_binary_accuracy": [0.9608433842658997, 0.9518072009086609, 0.9548192620277405, 0.9487951993942261, 0.9638554453849792]}