{"loss": [0.4633190333843231, 0.25146061182022095, 0.1936829537153244, 0.15738365054130554, 0.13510458171367645], "binary_accuracy": [0.7401517629623413, 0.8901337385177612, 0.925189733505249, 0.9465124607086182, 0.949403703212738], "val_loss": [0.32447171211242676, 0.2880268394947052, 0.2760871648788452, 0.3054855167865753, 0.3035522401332855], "val_binary_accuracy": [0.8408104181289673, 0.8842257857322693, 0.8929088115692139, 0.8871201276779175, 0.8943560123443604]}