{"loss": [0.5170547962188721, 0.32713475823402405, 0.23645474016666412, 0.16855815052986145, 0.11472973227500916], "binary_accuracy": [0.6872180700302124, 0.8609022498130798, 0.9090225696563721, 0.9406015276908875, 0.9624060392379761], "val_loss": [0.49286508560180664, 0.43413829803466797, 0.4599649906158447, 0.5703098177909851, 0.5458146929740906], "val_binary_accuracy": [0.759036123752594, 0.8042168617248535, 0.8433734774589539, 0.8283132314682007, 0.8192771077156067]}