{"loss": [0.6226879954338074, 0.4289728105068207, 0.3617998957633972, 0.3054773211479187, 0.27160799503326416], "binary_accuracy": [0.6064710021018982, 0.7825432419776917, 0.8322046399116516, 0.866064727306366, 0.8848758339881897], "val_loss": [0.4593242108821869, 0.3756020963191986, 0.38575899600982666, 0.3857119083404541, 0.38857388496398926], "val_binary_accuracy": [0.7831325531005859, 0.8253012299537659, 0.8283132314682007, 0.8162650465965271, 0.8283132314682007]}