{"loss": [0.6036341190338135, 0.4292305111885071, 0.41085508465766907, 0.3099513351917267, 0.24714499711990356], "binary_accuracy": [0.6338346004486084, 0.7864661812782288, 0.8135338425636292, 0.8684210777282715, 0.9007518887519836], "val_loss": [0.4482210576534271, 0.5498624444007874, 0.5973806977272034, 0.5109215378761292, 0.47752103209495544], "val_binary_accuracy": [0.7319276928901672, 0.7801204919815063, 0.759036123752594, 0.8042168617248535, 0.8102409839630127]}