{"loss": [0.4711899161338806, 0.25767016410827637, 0.17458981275558472, 0.12234669923782349, 0.078702911734581], "binary_accuracy": [0.7415039539337158, 0.9009400010108948, 0.940708577632904, 0.9624005556106567, 0.9783080220222473], "val_loss": [0.2644435465335846, 0.2702534794807434, 0.26547691226005554, 0.2774311304092407, 0.30918005108833313], "val_binary_accuracy": [0.8813313841819763, 0.9059334397315979, 0.9102749824523926, 0.9175108671188354, 0.9117221236228943]}