{"loss": [0.4664788246154785, 0.17120209336280823, 0.11508629471063614, 0.08729536831378937, 0.05533483251929283], "binary_accuracy": [0.7371987700462341, 0.9427710771560669, 0.9593373537063599, 0.9691265225410461, 0.9826807379722595], "val_loss": [0.14397932589054108, 0.16707651317119598, 0.19055412709712982, 0.1724454015493393, 0.1621551811695099], "val_binary_accuracy": [0.9546827673912048, 0.9516616463661194, 0.9516616463661194, 0.9577039480209351, 0.9546827673912048]}