{"loss": [0.43238359689712524, 0.2241581678390503, 0.159193754196167, 0.09513454139232635, 0.06137152388691902], "binary_accuracy": [0.7741236090660095, 0.9114564657211304, 0.9439826607704163, 0.9710878133773804, 0.9801228642463684], "val_loss": [0.28321602940559387, 0.3048732578754425, 0.4205859303474426, 0.4291698634624481, 0.36314088106155396], "val_binary_accuracy": [0.8958032131195068, 0.8842257857322693, 0.8827785849571228, 0.8958032131195068, 0.9102749824523926]}