{"loss": [0.5268635749816895, 0.34605860710144043, 0.2770264148712158, 0.19653239846229553, 0.15563304722309113], "binary_accuracy": [0.6917293071746826, 0.8526315689086914, 0.8857142925262451, 0.9203007221221924, 0.942105233669281], "val_loss": [0.5392678380012512, 0.4022029638290405, 0.38298138976097107, 0.43822595477104187, 0.4364756941795349], "val_binary_accuracy": [0.759036123752594, 0.8192771077156067, 0.8403614163398743, 0.8614457845687866, 0.8644578456878662]}