{"loss": [0.3895214796066284, 0.14706073701381683, 0.11227799952030182, 0.08415375649929047, 0.07549411058425903], "binary_accuracy": [0.793728232383728, 0.9449477195739746, 0.9609755873680115, 0.9707317352294922, 0.9721254110336304], "val_loss": [0.1662195771932602, 0.11938030272722244, 0.12234199047088623, 0.1241898164153099, 0.12957406044006348], "val_binary_accuracy": [0.9413408041000366, 0.9636871218681335, 0.9581005573272705, 0.9608938694000244, 0.9636871218681335]}