{"loss": [0.38257649540901184, 0.1239338144659996, 0.04114355519413948, 0.011605150066316128, 0.001698355539701879], "binary_accuracy": [0.8099173307418823, 0.9601803421974182, 0.9872276186943054, 0.9954921007156372, 1.0], "val_loss": [0.08768104761838913, 0.10620500892400742, 0.10978002101182938, 0.1290379762649536, 0.14283068478107452], "val_binary_accuracy": [0.9698795080184937, 0.9578313231468201, 0.9759036302566528, 0.9789156913757324, 0.9789156913757324]}