{"loss": [0.4724743962287903, 0.24798327684402466, 0.16446658968925476, 0.11785838007926941, 0.07514327764511108], "binary_accuracy": [0.7509938478469849, 0.8980845808982849, 0.9389230012893677, 0.9591615200042725, 0.9739790558815002], "val_loss": [0.3990652561187744, 0.24444593489170074, 0.2975338101387024, 0.29466015100479126, 0.36246031522750854], "val_binary_accuracy": [0.8871201276779175, 0.9131693243980408, 0.9131693243980408, 0.9131693243980408, 0.9088277816772461]}