{"loss": [0.6104691624641418, 0.49719342589378357, 0.3709442913532257, 0.33011355996131897, 0.2600824534893036], "binary_accuracy": [0.6153268218040466, 0.7693463563919067, 0.8275732398033142, 0.8745304346084595, 0.8966942429542542], "val_loss": [0.6480793952941895, 0.40967467427253723, 0.34915634989738464, 0.33298733830451965, 0.3341706693172455], "val_binary_accuracy": [0.4932330846786499, 0.7729323506355286, 0.8526315689086914, 0.8556391000747681, 0.8541353344917297]}