{"loss": [0.5243735909461975, 0.2649248540401459, 0.16227881610393524, 0.08888174593448639, 0.04419923946261406], "binary_accuracy": [0.7027840614318848, 0.8878856301307678, 0.943566620349884, 0.9706546068191528, 0.9834461808204651], "val_loss": [0.35151058435440063, 0.34280624985694885, 0.3634530007839203, 0.37716609239578247, 0.4093354046344757], "val_binary_accuracy": [0.8674699068069458, 0.8795180916786194, 0.8765060305595398, 0.8855421543121338, 0.891566276550293]}