{"loss": [0.40651100873947144, 0.2208980768918991, 0.13342678546905518, 0.07242385298013687, 0.0412985235452652], "binary_accuracy": [0.7920433878898621, 0.9146474003791809, 0.9587703347206116, 0.9801084995269775, 0.9891501069068909], "val_loss": [0.2484051138162613, 0.21400326490402222, 0.27723920345306396, 0.29028281569480896, 0.2969331443309784], "val_binary_accuracy": [0.916063666343689, 0.9232995510101318, 0.9276410937309265, 0.9348769783973694, 0.9305354356765747]}