{"loss": [0.4269828796386719, 0.23933370411396027, 0.19868607819080353, 0.13606184720993042, 0.09258545190095901], "binary_accuracy": [0.7834417819976807, 0.9067245125770569, 0.9248011708259583, 0.9519160985946655, 0.9714388847351074], "val_loss": [0.25528228282928467, 0.24551987648010254, 0.25013795495033264, 0.28795310854911804, 0.3647727072238922], "val_binary_accuracy": [0.9059334397315979, 0.8972503542900085, 0.9102749824523926, 0.916063666343689, 0.9059334397315979]}