{"loss": [0.43986690044403076, 0.15719108283519745, 0.10389174520969391, 0.05228014290332794, 0.04181249439716339], "binary_accuracy": [0.7498257756233215, 0.9442508816719055, 0.9693379998207092, 0.9825783967971802, 0.988153338432312], "val_loss": [0.17761942744255066, 0.1783357411623001, 0.1724090427160263, 0.21932671964168549, 0.199562206864357], "val_binary_accuracy": [0.9469273686408997, 0.9553072452545166, 0.9497206807136536, 0.9553072452545166, 0.9581005573272705]}