{"loss": [0.4720856547355652, 0.24032184481620789, 0.16472581028938293, 0.11437878012657166, 0.08748764544725418], "binary_accuracy": [0.7299349308013916, 0.9107013940811157, 0.9428778290748596, 0.9627621173858643, 0.974692702293396], "val_loss": [0.26315736770629883, 0.2250949591398239, 0.2712612450122833, 0.3589838445186615, 0.3750382959842682], "val_binary_accuracy": [0.9001446962356567, 0.9088277816772461, 0.9059334397315979, 0.9059334397315979, 0.9030390977859497]}