{"loss": [0.4570116102695465, 0.31707385182380676, 0.2535131275653839, 0.20963077247142792, 0.1932659149169922], "binary_accuracy": [0.7513148188591003, 0.8617580533027649, 0.8914350271224976, 0.9154770970344543, 0.9267467856407166], "val_loss": [0.3427480459213257, 0.33707112073898315, 0.3509006202220917, 0.3733631670475006, 0.35614460706710815], "val_binary_accuracy": [0.8511278033256531, 0.8676691651344299, 0.8601503968238831, 0.8631578683853149, 0.8631578683853149]}