{"loss": [0.49532899260520935, 0.25850626826286316, 0.17537100613117218, 0.12343800067901611, 0.0854976698756218], "binary_accuracy": [0.7188290357589722, 0.9002529978752136, 0.936754584312439, 0.9598843455314636, 0.9728948473930359], "val_loss": [0.28591760993003845, 0.27395206689834595, 0.2744963765144348, 0.3239862322807312, 0.3446640968322754], "val_binary_accuracy": [0.8712011575698853, 0.9102749824523926, 0.9146165251731873, 0.9117221236228943, 0.9146165251731873]}