{"loss": [0.5984750390052795, 0.3306330442428589, 0.2758784592151642, 0.21490414440631866, 0.16365911066532135], "binary_accuracy": [0.6548871994018555, 0.8466165661811829, 0.8842105269432068, 0.9180451035499573, 0.9330826997756958], "val_loss": [0.34623146057128906, 0.3148912489414215, 0.31036874651908875, 0.34059736132621765, 0.29155784845352173], "val_binary_accuracy": [0.8343373537063599, 0.8674699068069458, 0.8704819083213806, 0.8855421543121338, 0.8674699068069458]}