{"loss": [0.43742483854293823, 0.16911308467388153, 0.1146034300327301, 0.055617306381464005, 0.03434770181775093], "binary_accuracy": [0.7665165066719055, 0.9414414167404175, 0.9564564824104309, 0.9804804921150208, 0.9879879951477051], "val_loss": [0.15799033641815186, 0.10822276771068573, 0.10922832041978836, 0.12931805849075317, 0.1311170607805252], "val_binary_accuracy": [0.9216867685317993, 0.9608433842658997, 0.9668674468994141, 0.9698795080184937, 0.9668674468994141]}