{"loss": [0.43503537774086, 0.2401437610387802, 0.16736610233783722, 0.14169567823410034, 0.10020174831151962], "binary_accuracy": [0.7748463749885559, 0.9016985893249512, 0.9363932013511658, 0.9479580521583557, 0.964221179485321], "val_loss": [0.27344024181365967, 0.2895358204841614, 0.2566453814506531, 0.29217883944511414, 0.2993011772632599], "val_binary_accuracy": [0.8885672688484192, 0.9102749824523926, 0.9218524098396301, 0.9175108671188354, 0.916063666343689]}