{"loss": [0.34788766503334045, 0.10777651518583298, 0.04771437868475914, 0.014034952037036419, 0.00451745605096221], "binary_accuracy": [0.8111498355865479, 0.9679442644119263, 0.9839721322059631, 0.9944250583648682, 0.998606264591217], "val_loss": [0.1977689564228058, 0.15514664351940155, 0.16003116965293884, 0.18733736872673035, 0.1893768310546875], "val_binary_accuracy": [0.9525139927864075, 0.9469273686408997, 0.9664804339408875, 0.9636871218681335, 0.9692737460136414]}