{"loss": [0.5875498652458191, 0.3005330562591553, 0.2330947071313858, 0.16023217141628265, 0.12823280692100525], "binary_accuracy": [0.651127815246582, 0.8706766963005066, 0.902255654335022, 0.9360902309417725, 0.9488722085952759], "val_loss": [0.28170743584632874, 0.24971140921115875, 0.32025712728500366, 0.29784703254699707, 0.308524489402771], "val_binary_accuracy": [0.8614457845687866, 0.900602400302887, 0.9066265225410461, 0.900602400302887, 0.900602400302887]}