{"loss": [0.4868246912956238, 0.27462127804756165, 0.19187535345554352, 0.13393011689186096, 0.10249868035316467], "binary_accuracy": [0.7236889600753784, 0.8900542259216309, 0.9334539175033569, 0.9573236703872681, 0.9703435897827148], "val_loss": [0.271979957818985, 0.2760958969593048, 0.2706511616706848, 0.3257474899291992, 0.2958203852176666], "val_binary_accuracy": [0.8958032131195068, 0.9015918970108032, 0.9204052090644836, 0.9218524098396301, 0.916063666343689]}