{"loss": [0.44551464915275574, 0.2627066671848297, 0.2162976861000061, 0.14602628350257874, 0.10593070089817047], "binary_accuracy": [0.7739751935005188, 0.8905603885650635, 0.9255359172821045, 0.9488529562950134, 0.968785285949707], "val_loss": [0.3323063850402832, 0.4755900800228119, 0.35970231890678406, 0.45321860909461975, 0.4640480875968933], "val_binary_accuracy": [0.8554216623306274, 0.8268072009086609, 0.875, 0.8674699068069458, 0.8674699068069458]}