{"loss": [0.42570218443870544, 0.13025672733783722, 0.062468886375427246, 0.03880215063691139, 0.026113975793123245], "binary_accuracy": [0.7818815112113953, 0.9567944407463074, 0.9832752346992493, 0.9895470142364502, 0.9944250583648682], "val_loss": [0.1344107687473297, 0.11528035253286362, 0.1545669585466385, 0.19655409455299377, 0.18081581592559814], "val_binary_accuracy": [0.9553072452545166, 0.9553072452545166, 0.9497206807136536, 0.9469273686408997, 0.9525139927864075]}