{"loss": [0.3846442997455597, 0.1748240739107132, 0.12917277216911316, 0.102179616689682, 0.0872330367565155], "binary_accuracy": [0.7885628342628479, 0.9360421299934387, 0.9548532962799072, 0.9631301760673523, 0.9714070558547974], "val_loss": [0.19683833420276642, 0.14037556946277618, 0.1295085847377777, 0.1412360519170761, 0.14377400279045105], "val_binary_accuracy": [0.9337349534034729, 0.9457831382751465, 0.9487951993942261, 0.9397590160369873, 0.9367470145225525]}