{"loss": [0.5828776359558105, 0.36090362071990967, 0.2723326086997986, 0.18534305691719055, 0.1451493203639984], "binary_accuracy": [0.6541353464126587, 0.8436090350151062, 0.8842105269432068, 0.9315789341926575, 0.9428571462631226], "val_loss": [0.5367193818092346, 0.2888909578323364, 0.2849632501602173, 0.35324379801750183, 0.3115418255329132], "val_binary_accuracy": [0.8072289228439331, 0.8825300931930542, 0.9036144614219666, 0.8855421543121338, 0.8885542154312134]}