{"loss": [0.5641038417816162, 0.3267001211643219, 0.24107502400875092, 0.16825318336486816, 0.13453371822834015], "binary_accuracy": [0.6854777932167053, 0.8525207042694092, 0.8954100608825684, 0.9375470280647278, 0.9548532962799072], "val_loss": [0.36708706617355347, 0.355477899312973, 0.30821746587753296, 0.3358783721923828, 0.3130434453487396], "val_binary_accuracy": [0.8403614163398743, 0.8734939694404602, 0.8734939694404602, 0.8795180916786194, 0.891566276550293]}