{"loss": [0.47233426570892334, 0.24165910482406616, 0.16150783002376556, 0.12407016009092331, 0.08269122242927551], "binary_accuracy": [0.7576853632926941, 0.9063290953636169, 0.9450271129608154, 0.9631103277206421, 0.9739602208137512], "val_loss": [0.3080879747867584, 0.2457689493894577, 0.24577179551124573, 0.26772868633270264, 0.2557200491428375], "val_binary_accuracy": [0.8929088115692139, 0.9117221236228943, 0.9189580082893372, 0.9276410937309265, 0.9334298372268677]}