{"loss": [0.42855414748191833, 0.22538308799266815, 0.17924097180366516, 0.1188824325799942, 0.08725754916667938], "binary_accuracy": [0.7629201412200928, 0.910010814666748, 0.9335019588470459, 0.9544633030891418, 0.9710878133773804], "val_loss": [0.33556705713272095, 0.29499879479408264, 0.3322716951370239, 0.3880572021007538, 0.38496437668800354], "val_binary_accuracy": [0.845151960849762, 0.8871201276779175, 0.9044862389564514, 0.898697555065155, 0.9030390977859497]}