{"loss": [0.5222216844558716, 0.3052242696285248, 0.22467559576034546, 0.14542819559574127, 0.11867206543684006], "binary_accuracy": [0.6812030076980591, 0.8774436116218567, 0.9097744226455688, 0.9526315927505493, 0.9548872113227844], "val_loss": [0.3838248550891876, 0.3424904942512512, 0.2901019752025604, 0.3265676498413086, 0.3150772750377655], "val_binary_accuracy": [0.8433734774589539, 0.8343373537063599, 0.8795180916786194, 0.8945783376693726, 0.9036144614219666]}