{"loss": [0.5536561608314514, 0.3826708495616913, 0.31497183442115784, 0.2571530044078827, 0.2116462141275406], "binary_accuracy": [0.6593984961509705, 0.8187969923019409, 0.8759398460388184, 0.8962405920028687, 0.916541337966919], "val_loss": [0.4996766746044159, 0.5072911977767944, 0.5564619302749634, 0.5367470383644104, 0.5367873907089233], "val_binary_accuracy": [0.7620481848716736, 0.7951807379722595, 0.759036123752594, 0.7981927990913391, 0.7981927990913391]}