{"loss": [0.5771026611328125, 0.4038641154766083, 0.2725427746772766, 0.18952861428260803, 0.136568084359169], "binary_accuracy": [0.6669172644615173, 0.7992480993270874, 0.8812029957771301, 0.9240601658821106, 0.9451127648353577], "val_loss": [0.4145086705684662, 0.5151904821395874, 0.34790199995040894, 0.3112371861934662, 0.35351282358169556], "val_binary_accuracy": [0.8283132314682007, 0.8102409839630127, 0.8704819083213806, 0.8855421543121338, 0.891566276550293]}