{"loss": [0.40531259775161743, 0.12040349841117859, 0.05457471311092377, 0.03125566616654396, 0.02790921926498413], "binary_accuracy": [0.7770034670829773, 0.9602787494659424, 0.9839721322059631, 0.9923344850540161, 0.9923344850540161], "val_loss": [0.11473385989665985, 0.09827595949172974, 0.12191034108400345, 0.13194681704044342, 0.13757143914699554], "val_binary_accuracy": [0.9608938694000244, 0.9748603105545044, 0.9636871218681335, 0.9636871218681335, 0.9636871218681335]}