{"loss": [0.3485802114009857, 0.19285684823989868, 0.14562080800533295, 0.09837543964385986, 0.06907057017087936], "binary_accuracy": [0.8259052634239197, 0.9442896842956543, 0.964484691619873, 0.9742339849472046, 0.9777158498764038], "val_loss": [0.1832008808851242, 0.19298017024993896, 0.1758168339729309, 0.12630945444107056, 0.1823805719614029], "val_binary_accuracy": [0.9469273686408997, 0.9497206807136536, 0.9497206807136536, 0.9608938694000244, 0.9581005573272705]}