{"loss": [0.4520488381385803, 0.1762150675058365, 0.12155883759260178, 0.07301712036132812, 0.032574594020843506], "binary_accuracy": [0.7505226731300354, 0.9386759400367737, 0.9630662202835083, 0.9797909259796143, 0.9909407496452332], "val_loss": [0.18695788085460663, 0.14448709785938263, 0.22880473732948303, 0.13480409979820251, 0.18608805537223816], "val_binary_accuracy": [0.9273743033409119, 0.9553072452545166, 0.9525139927864075, 0.9720670580863953, 0.9581005573272705]}