{"loss": [0.4553368389606476, 0.2630767226219177, 0.21233101189136505, 0.17372529208660126, 0.14433349668979645], "binary_accuracy": [0.7535236477851868, 0.8908565044403076, 0.9125406742095947, 0.9302493929862976, 0.9472352862358093], "val_loss": [0.28351613879203796, 0.23634658753871918, 0.23905935883522034, 0.25253432989120483, 0.24916277825832367], "val_binary_accuracy": [0.8943560123443604, 0.9102749824523926, 0.9073805809020996, 0.9073805809020996, 0.9088277816772461]}