{"loss": [0.47186070680618286, 0.3170469403266907, 0.27855992317199707, 0.21626399457454681, 0.15224505960941315], "binary_accuracy": [0.7566654086112976, 0.856928288936615, 0.8884716629981995, 0.9203905463218689, 0.94292151927948], "val_loss": [0.31751859188079834, 0.36766302585601807, 0.25838175415992737, 0.30014073848724365, 0.2963472902774811], "val_binary_accuracy": [0.8706766963005066, 0.8706766963005066, 0.8962405920028687, 0.8917292952537537, 0.8872180581092834]}