{"loss": [0.40223902463912964, 0.2055213749408722, 0.12668094038963318, 0.08325566351413727, 0.04085372015833855], "binary_accuracy": [0.7924050688743591, 0.9229656457901001, 0.9573236703872681, 0.9739602208137512, 0.9895117282867432], "val_loss": [0.21492187678813934, 0.19085808098316193, 0.2276342660188675, 0.2784227430820465, 0.3008035123348236], "val_binary_accuracy": [0.9204052090644836, 0.929088294506073, 0.9334298372268677, 0.9334298372268677, 0.92619389295578]}