{"loss": [0.5106723308563232, 0.32590368390083313, 0.25829192996025085, 0.18229703605175018, 0.1371288150548935], "binary_accuracy": [0.7259398698806763, 0.8642857074737549, 0.8973684310913086, 0.9353383183479309, 0.9560150504112244], "val_loss": [0.3127627372741699, 0.38400998711586, 0.3030354082584381, 0.3264513313770294, 0.35080423951148987], "val_binary_accuracy": [0.8451128005981445, 0.8646616339683533, 0.897744357585907, 0.8992481231689453, 0.897744357585907]}