{"loss": [0.32986804842948914, 0.10299522429704666, 0.04511800408363342, 0.018334386870265007, 0.011552087031304836], "binary_accuracy": [0.8266016840934753, 0.9707520604133606, 0.9867687821388245, 0.9951253533363342, 0.9972144961357117], "val_loss": [0.09330496191978455, 0.09557130187749863, 0.06284763664007187, 0.06727953255176544, 0.07193426042795181], "val_binary_accuracy": [0.9581005573272705, 0.9664804339408875, 0.9776536226272583, 0.9804469347000122, 0.9748603105545044]}