{"loss": [0.623183012008667, 0.4027358293533325, 0.3140788674354553, 0.2577461302280426, 0.23347675800323486], "binary_accuracy": [0.614747941493988, 0.8073739409446716, 0.8615500330924988, 0.8916478753089905, 0.8999247550964355], "val_loss": [0.42313969135284424, 0.3487660884857178, 0.3056594133377075, 0.30568927526474, 0.3041137754917145], "val_binary_accuracy": [0.8283132314682007, 0.8403614163398743, 0.8644578456878662, 0.858433723449707, 0.8644578456878662]}