{"loss": [0.5538996458053589, 0.33413490653038025, 0.2340443879365921, 0.15027597546577454, 0.09609633684158325], "binary_accuracy": [0.6787058115005493, 0.8532731533050537, 0.9074491858482361, 0.9465763568878174, 0.9691497087478638], "val_loss": [0.3723832368850708, 0.2882118821144104, 0.30364349484443665, 0.3072483241558075, 0.36040571331977844], "val_binary_accuracy": [0.7801204919815063, 0.8795180916786194, 0.8734939694404602, 0.891566276550293, 0.8885542154312134]}