{"loss": [0.5568991303443909, 0.3440934419631958, 0.2287815362215042, 0.18465478718280792, 0.1504899263381958], "binary_accuracy": [0.6624060273170471, 0.8398496508598328, 0.9075188040733337, 0.9285714030265808, 0.9368420839309692], "val_loss": [0.39143386483192444, 0.4191727638244629, 0.40864723920822144, 0.4388425946235657, 0.4365072548389435], "val_binary_accuracy": [0.8132529854774475, 0.8313252925872803, 0.8403614163398743, 0.8433734774589539, 0.8403614163398743]}