{"loss": [0.5790342688560486, 0.3720007836818695, 0.2583836615085602, 0.16860097646713257, 0.07981067895889282], "binary_accuracy": [0.6481202840805054, 0.8278195261955261, 0.8939849734306335, 0.9406015276908875, 0.9736841917037964], "val_loss": [0.3975435793399811, 0.3624208867549896, 0.3750641942024231, 0.40087053179740906, 0.49374279379844666], "val_binary_accuracy": [0.8283132314682007, 0.8313252925872803, 0.8463855385780334, 0.8554216623306274, 0.8674699068069458]}