{"loss": [0.46423810720443726, 0.2911207377910614, 0.19886401295661926, 0.15721765160560608, 0.12786772847175598], "binary_accuracy": [0.7469269633293152, 0.8908170461654663, 0.9352856278419495, 0.9508315324783325, 0.9624005556106567], "val_loss": [0.27028563618659973, 0.2493775188922882, 0.24827098846435547, 0.27780070900917053, 0.24944353103637695], "val_binary_accuracy": [0.8798842430114746, 0.9131693243980408, 0.9232995510101318, 0.9232995510101318, 0.9276410937309265]}