{"loss": [0.4732937514781952, 0.26658162474632263, 0.19925004243850708, 0.16537150740623474, 0.1186225637793541], "binary_accuracy": [0.7349963784217834, 0.8926247358322144, 0.9298626184463501, 0.9439623951911926, 0.963123619556427], "val_loss": [0.30956199765205383, 0.28911077976226807, 0.2739446461200714, 0.2725008726119995, 0.29953888058662415], "val_binary_accuracy": [0.8697539567947388, 0.8972503542900085, 0.9088277816772461, 0.9044862389564514, 0.9131693243980408]}