{"loss": [0.44110962748527527, 0.18629683554172516, 0.12474405765533447, 0.08677324652671814, 0.060685642063617706], "binary_accuracy": [0.7569637894630432, 0.9317548871040344, 0.9637883305549622, 0.9665738344192505, 0.9805014133453369], "val_loss": [0.21808743476867676, 0.1083773821592331, 0.10902318358421326, 0.10590682923793793, 0.10785279422998428], "val_binary_accuracy": [0.9189944267272949, 0.9525139927864075, 0.9692737460136414, 0.9692737460136414, 0.9664804339408875]}