{"loss": [0.4569213092327118, 0.32510626316070557, 0.2859782874584198, 0.23071126639842987, 0.17830705642700195], "binary_accuracy": [0.7575187683105469, 0.8609022498130798, 0.8857142925262451, 0.9150375723838806, 0.9349623918533325], "val_loss": [0.3404419720172882, 0.328697144985199, 0.32941555976867676, 0.31853264570236206, 0.34670427441596985], "val_binary_accuracy": [0.8509036302566528, 0.8704819083213806, 0.8689758777618408, 0.8734939694404602, 0.884036123752594]}