{"loss": [0.39638620615005493, 0.15777117013931274, 0.12508505582809448, 0.10242489725351334, 0.06603310257196426], "binary_accuracy": [0.8039215803146362, 0.953242838382721, 0.9683257937431335, 0.9751130938529968, 0.9849170446395874], "val_loss": [0.14877885580062866, 0.17058123648166656, 0.19041571021080017, 0.19968460500240326, 0.18599149584770203], "val_binary_accuracy": [0.9516616463661194, 0.9335347414016724, 0.9335347414016724, 0.9607250690460205, 0.9607250690460205]}