{"loss": [0.6082172989845276, 0.34999629855155945, 0.22281695902347565, 0.17159441113471985, 0.12651588022708893], "binary_accuracy": [0.6330826878547668, 0.844360888004303, 0.9150375723838806, 0.9406015276908875, 0.9518796801567078], "val_loss": [0.45357680320739746, 0.3383912146091461, 0.35965582728385925, 0.38170117139816284, 0.3336247205734253], "val_binary_accuracy": [0.8283132314682007, 0.8192771077156067, 0.8644578456878662, 0.8855421543121338, 0.8855421543121338]}