{"loss": [0.4032028019428253, 0.2482510805130005, 0.17142808437347412, 0.12573933601379395, 0.08972296863794327], "binary_accuracy": [0.7989876866340637, 0.9099783301353455, 0.940708577632904, 0.9605929255485535, 0.974692702293396], "val_loss": [0.2589789032936096, 0.2657564878463745, 0.324244886636734, 0.29755786061286926, 0.30969488620758057], "val_binary_accuracy": [0.9059334397315979, 0.898697555065155, 0.898697555065155, 0.9117221236228943, 0.9146165251731873]}