{"loss": [0.35725653171539307, 0.19525983929634094, 0.11987952142953873, 0.07400361448526382, 0.05267912149429321], "binary_accuracy": [0.8186606764793396, 0.9292701482772827, 0.9556057453155518, 0.9789315462112427, 0.9857035279273987], "val_loss": [0.15771903097629547, 0.1394892930984497, 0.16212958097457886, 0.15102122724056244, 0.1500699669122696], "val_binary_accuracy": [0.9307228922843933, 0.9608433842658997, 0.9518072009086609, 0.9608433842658997, 0.9578313231468201]}