{"loss": [0.401338130235672, 0.19934619963169098, 0.13740958273410797, 0.11484821140766144, 0.06450582295656204], "binary_accuracy": [0.7869800925254822, 0.9294756054878235, 0.9526220560073853, 0.9620253443717957, 0.9830018281936646], "val_loss": [0.2295864373445511, 0.20883670449256897, 0.23243969678878784, 0.2706031799316406, 0.26448196172714233], "val_binary_accuracy": [0.9232995510101318, 0.9218524098396301, 0.929088294506073, 0.9247467517852783, 0.9276410937309265]}