{"loss": [0.4611966907978058, 0.3301662504673004, 0.27758166193962097, 0.233794704079628, 0.18627727031707764], "binary_accuracy": [0.7624059915542603, 0.8609022498130798, 0.8909774422645569, 0.9210526347160339, 0.9312030076980591], "val_loss": [0.36473986506462097, 0.30838194489479065, 0.30576059222221375, 0.32148247957229614, 0.3551364243030548], "val_binary_accuracy": [0.849397599697113, 0.8719879388809204, 0.8629518151283264, 0.8825300931930542, 0.8719879388809204]}