{"loss": [0.38657423853874207, 0.14581789076328278, 0.0994274914264679, 0.07467946410179138, 0.06356484442949295], "binary_accuracy": [0.785515308380127, 0.9366295337677002, 0.9630919098854065, 0.9742339849472046, 0.9805014133453369], "val_loss": [0.22183336317539215, 0.15289607644081116, 0.16845600306987762, 0.17355656623840332, 0.17271265387535095], "val_binary_accuracy": [0.916201114654541, 0.9553072452545166, 0.9497206807136536, 0.9581005573272705, 0.9553072452545166]}