{"loss": [0.44502168893814087, 0.15874667465686798, 0.10442229360342026, 0.08593489974737167, 0.07165965437889099], "binary_accuracy": [0.7595818638801575, 0.9393728375434875, 0.9588850140571594, 0.9735191464424133, 0.9756097793579102], "val_loss": [0.2135995775461197, 0.15943585336208344, 0.1670958697795868, 0.16740845143795013, 0.1701122522354126], "val_binary_accuracy": [0.916201114654541, 0.9525139927864075, 0.9553072452545166, 0.9581005573272705, 0.9636871218681335]}