{"loss": [0.46346259117126465, 0.27102363109588623, 0.2029017060995102, 0.14236384630203247, 0.11101807653903961], "binary_accuracy": [0.7543200850486755, 0.893688976764679, 0.9267467856407166, 0.9541698098182678, 0.9661908149719238], "val_loss": [0.30836161971092224, 0.3691614270210266, 0.46183958649635315, 0.4778023362159729, 0.45819583535194397], "val_binary_accuracy": [0.8631578683853149, 0.8721804618835449, 0.8661653995513916, 0.8676691651344299, 0.8646616339683533]}