{"loss": [0.47068482637405396, 0.30485716462135315, 0.24897713959217072, 0.20231395959854126, 0.12507140636444092], "binary_accuracy": [0.7458646893501282, 0.8680450916290283, 0.8988721966743469, 0.9218044877052307, 0.9530075192451477], "val_loss": [0.31645599007606506, 0.27116528153419495, 0.2794695496559143, 0.2988428771495819, 0.35455644130706787], "val_binary_accuracy": [0.8661653995513916, 0.8887218236923218, 0.8887218236923218, 0.8872180581092834, 0.8872180581092834]}