{"loss": [0.4402318298816681, 0.15111905336380005, 0.09903277456760406, 0.08025464415550232, 0.05766907334327698], "binary_accuracy": [0.7588850259780884, 0.9463414549827576, 0.9658536314964294, 0.9672473669052124, 0.9804878234863281], "val_loss": [0.15739023685455322, 0.12779752910137177, 0.12008528411388397, 0.12358561903238297, 0.1285567730665207], "val_binary_accuracy": [0.9413408041000366, 0.9525139927864075, 0.9525139927864075, 0.9581005573272705, 0.9608938694000244]}