{"loss": [0.4802827537059784, 0.2586457431316376, 0.20079068839550018, 0.16013269126415253, 0.14065587520599365], "binary_accuracy": [0.7379833459854126, 0.8814600706100464, 0.9136248826980591, 0.9378387928009033, 0.9490422606468201], "val_loss": [0.3900412917137146, 0.31842881441116333, 0.28826406598091125, 0.3139075040817261, 0.31709590554237366], "val_binary_accuracy": [0.8191027641296387, 0.8769898414611816, 0.898697555065155, 0.9015918970108032, 0.9030390977859497]}