{"loss": [0.5122590065002441, 0.2814456820487976, 0.15893304347991943, 0.11078829318284988, 0.06705378741025925], "binary_accuracy": [0.7390977740287781, 0.8804511427879333, 0.9375939965248108, 0.9593985080718994, 0.9751879572868347], "val_loss": [0.31575778126716614, 0.24612243473529816, 0.2780592441558838, 0.4267077147960663, 0.3285444378852844], "val_binary_accuracy": [0.8704819083213806, 0.8975903391838074, 0.9066265225410461, 0.8885542154312134, 0.9126505851745605]}