{"loss": [0.37947648763656616, 0.12963242828845978, 0.06426588445901871, 0.03257158026099205, 0.029730448499321938], "binary_accuracy": [0.7973537445068359, 0.956824541091919, 0.9791086316108704, 0.9902507066726685, 0.9916434288024902], "val_loss": [0.17164604365825653, 0.07493434101343155, 0.08207070082426071, 0.05944245681166649, 0.06364085525274277], "val_binary_accuracy": [0.9329608678817749, 0.9720670580863953, 0.9720670580863953, 0.9860334992408752, 0.9804469347000122]}