{"loss": [0.5953226089477539, 0.3850521147251129, 0.3091716468334198, 0.2085609883069992, 0.15873974561691284], "binary_accuracy": [0.6473684310913086, 0.8308270573616028, 0.8729323148727417, 0.9210526347160339, 0.9406015276908875], "val_loss": [0.4768795669078827, 0.4641510248184204, 0.4824454188346863, 0.4878569543361664, 0.4594919681549072], "val_binary_accuracy": [0.7831325531005859, 0.8253012299537659, 0.7650602459907532, 0.8042168617248535, 0.8072289228439331]}