{"loss": [0.47480034828186035, 0.22767779231071472, 0.15730565786361694, 0.12704156339168549, 0.09668776392936707], "binary_accuracy": [0.7354535460472107, 0.9147090911865234, 0.9414528608322144, 0.9613299369812012, 0.9710878133773804], "val_loss": [0.26218703389167786, 0.2924584448337555, 0.3290111720561981, 0.3496503531932831, 0.29138341546058655], "val_binary_accuracy": [0.8900144696235657, 0.9102749824523926, 0.9059334397315979, 0.9189580082893372, 0.92619389295578]}