{"loss": [0.3742486238479614, 0.1282222867012024, 0.09301134198904037, 0.06871450692415237, 0.05929306522011757], "binary_accuracy": [0.7876044511795044, 0.9575209021568298, 0.9665738344192505, 0.9791086316108704, 0.9818941354751587], "val_loss": [0.16254666447639465, 0.15707038342952728, 0.1573144644498825, 0.15544544160366058, 0.16434797644615173], "val_binary_accuracy": [0.9413408041000366, 0.9525139927864075, 0.9469273686408997, 0.9441340565681458, 0.9385474920272827]}