{"loss": [0.5591883063316345, 0.3503546416759491, 0.2720763087272644, 0.2268017828464508, 0.1824573427438736], "binary_accuracy": [0.6601503491401672, 0.8390977382659912, 0.8999999761581421, 0.9218044877052307, 0.9315789341926575], "val_loss": [0.38789933919906616, 0.35379111766815186, 0.4087328016757965, 0.3988910913467407, 0.3878021240234375], "val_binary_accuracy": [0.8072289228439331, 0.849397599697113, 0.8524096608161926, 0.849397599697113, 0.8614457845687866]}