{"loss": [0.532047688961029, 0.31902599334716797, 0.2607044279575348, 0.21029527485370636, 0.18393085896968842], "binary_accuracy": [0.7105262875556946, 0.8586466312408447, 0.8898496031761169, 0.9169172644615173, 0.9353383183479309], "val_loss": [0.344012051820755, 0.3125680983066559, 0.319911390542984, 0.3337079882621765, 0.3367256820201874], "val_binary_accuracy": [0.8556391000747681, 0.8721804618835449, 0.8781954646110535, 0.8691729307174683, 0.8827067613601685]}