{"loss": [0.4810219705104828, 0.3098546266555786, 0.25323227047920227, 0.22172477841377258, 0.19383572041988373], "binary_accuracy": [0.7503759264945984, 0.8620300889015198, 0.8951127529144287, 0.9131578803062439, 0.9259398579597473], "val_loss": [0.34596750140190125, 0.315292626619339, 0.31447550654411316, 0.3236521780490875, 0.328649640083313], "val_binary_accuracy": [0.8403614163398743, 0.8704819083213806, 0.8704819083213806, 0.8704819083213806, 0.8704819083213806]}