{"loss": [0.414999783039093, 0.20345818996429443, 0.12670022249221802, 0.08989144116640091, 0.0516282357275486], "binary_accuracy": [0.796657383441925, 0.9449860453605652, 0.9700556993484497, 0.9777158498764038, 0.9888579249382019], "val_loss": [0.1666882336139679, 0.2333013266324997, 0.18769721686840057, 0.18144215643405914, 0.17461282014846802], "val_binary_accuracy": [0.9553072452545166, 0.9413408041000366, 0.9553072452545166, 0.9636871218681335, 0.9581005573272705]}