{"loss": [0.3661953806877136, 0.12274095416069031, 0.0694674551486969, 0.03492001071572304, 0.0195489339530468], "binary_accuracy": [0.8139373064041138, 0.9616724848747253, 0.9832752346992493, 0.9937282204627991, 0.996515691280365], "val_loss": [0.13070756196975708, 0.12831173837184906, 0.1390305757522583, 0.20274502038955688, 0.1895909607410431], "val_binary_accuracy": [0.9636871218681335, 0.9636871218681335, 0.9664804339408875, 0.9581005573272705, 0.9608938694000244]}