{"loss": [0.49233880639076233, 0.27749577164649963, 0.19894397258758545, 0.13805346190929413, 0.10679809749126434], "binary_accuracy": [0.7166606187820435, 0.8948319554328918, 0.9259125590324402, 0.9537405371665955, 0.9678351879119873], "val_loss": [0.318920761346817, 0.3103771209716797, 0.3467945456504822, 0.3728218078613281, 0.3228732943534851], "val_binary_accuracy": [0.8321273326873779, 0.898697555065155, 0.9059334397315979, 0.9073805809020996, 0.9030390977859497]}