{"loss": [0.570507287979126, 0.3943040370941162, 0.3323468565940857, 0.2605108618736267, 0.20493364334106445], "binary_accuracy": [0.6315789222717285, 0.8090225458145142, 0.8563909530639648, 0.8864661455154419, 0.9195488691329956], "val_loss": [0.42824476957321167, 0.6042554974555969, 0.44199898838996887, 0.5233457088470459, 0.47124746441841125], "val_binary_accuracy": [0.7921686768531799, 0.7439758777618408, 0.8192771077156067, 0.8192771077156067, 0.8253012299537659]}