{"loss": [0.43407174944877625, 0.15362218022346497, 0.09113343805074692, 0.06826318800449371, 0.03281540423631668], "binary_accuracy": [0.7917827367782593, 0.9498607516288757, 0.972841203212738, 0.9798049926757812, 0.9902507066726685], "val_loss": [0.2332858443260193, 0.18502575159072876, 0.21114927530288696, 0.20683041214942932, 0.1638909876346588], "val_binary_accuracy": [0.9189944267272949, 0.9385474920272827, 0.9553072452545166, 0.9497206807136536, 0.9636871218681335]}