{"loss": [0.4520488977432251, 0.17105312645435333, 0.11974430084228516, 0.07900097966194153, 0.04543757811188698], "binary_accuracy": [0.7582582831382751, 0.945195198059082, 0.9624624848365784, 0.9707207083702087, 0.9872372150421143], "val_loss": [0.12239096313714981, 0.11303286254405975, 0.11343524605035782, 0.12098714709281921, 0.12248319387435913], "val_binary_accuracy": [0.9579579830169678, 0.9639639854431152, 0.9699699878692627, 0.966966986656189, 0.966966986656189]}