{"loss": [0.3541722297668457, 0.18128833174705505, 0.10712489485740662, 0.0768384337425232, 0.059075210243463516], "binary_accuracy": [0.8081263899803162, 0.942061722278595, 0.9706546068191528, 0.9811888933181763, 0.9872084259986877], "val_loss": [0.29637911915779114, 0.18915139138698578, 0.1380796879529953, 0.18084804713726044, 0.18161502480506897], "val_binary_accuracy": [0.9096385836601257, 0.9367470145225525, 0.9578313231468201, 0.9487951993942261, 0.9487951993942261]}