{"loss": [0.4024257957935333, 0.1927415430545807, 0.13332699239253998, 0.09515798836946487, 0.049548640847206116], "binary_accuracy": [0.8039068579673767, 0.9346356391906738, 0.9564237594604492, 0.9684447646141052, 0.9827197790145874], "val_loss": [0.2011071890592575, 0.11468581855297089, 0.20983196794986725, 0.1274338662624359, 0.14328715205192566], "val_binary_accuracy": [0.9397590160369873, 0.9548192620277405, 0.9096385836601257, 0.9698795080184937, 0.9698795080184937]}