{"loss": [0.5667247176170349, 0.31722378730773926, 0.2151467204093933, 0.1410500407218933, 0.10328841954469681], "binary_accuracy": [0.6383458375930786, 0.8541353344917297, 0.9105263352394104, 0.9503759145736694, 0.9593985080718994], "val_loss": [0.4108482599258423, 0.3246898055076599, 0.3032568693161011, 0.34339404106140137, 0.36998650431632996], "val_binary_accuracy": [0.8403614163398743, 0.8765060305595398, 0.891566276550293, 0.891566276550293, 0.8704819083213806]}