{"loss": [0.3919529914855957, 0.18779256939888, 0.12147728353738785, 0.08202903717756271, 0.04278215765953064], "binary_accuracy": [0.8091921806335449, 0.9484679698944092, 0.9616991877555847, 0.9798049926757812, 0.9895543456077576], "val_loss": [0.2684968411922455, 0.17166760563850403, 0.16998159885406494, 0.21442189812660217, 0.21461941301822662], "val_binary_accuracy": [0.9301676154136658, 0.9385474920272827, 0.9553072452545166, 0.9553072452545166, 0.9525139927864075]}