{"loss": [0.5601911544799805, 0.30342769622802734, 0.16319148242473602, 0.07377121597528458, 0.03295668959617615], "binary_accuracy": [0.6629044413566589, 0.8623024821281433, 0.9428141713142395, 0.9729119539260864, 0.9902182221412659], "val_loss": [0.3577990233898163, 0.2913948893547058, 0.27199652791023254, 0.32192328572273254, 0.40911635756492615], "val_binary_accuracy": [0.8614457845687866, 0.8885542154312134, 0.8945783376693726, 0.9096385836601257, 0.900602400302887]}