{"loss": [0.41965940594673157, 0.18451757729053497, 0.1097184494137764, 0.06314441561698914, 0.04470941796898842], "binary_accuracy": [0.7592191100120544, 0.9320318102836609, 0.9584237337112427, 0.9801157116889954, 0.9880694150924683], "val_loss": [0.26481893658638, 0.22875182330608368, 0.3126526176929474, 0.3752404451370239, 0.3776966631412506], "val_binary_accuracy": [0.9059334397315979, 0.9204052090644836, 0.9175108671188354, 0.9218524098396301, 0.9232995510101318]}