{"loss": [0.4094747006893158, 0.14929638803005219, 0.10371832549571991, 0.10588310658931732, 0.045632656663656235], "binary_accuracy": [0.7952646017074585, 0.9519498348236084, 0.9679665565490723, 0.9770194888114929, 0.9909470677375793], "val_loss": [0.16456854343414307, 0.11353400349617004, 0.14356385171413422, 0.11569877713918686, 0.12287528812885284], "val_binary_accuracy": [0.924580991268158, 0.9636871218681335, 0.9636871218681335, 0.9748603105545044, 0.9748603105545044]}