{"loss": [0.4155939221382141, 0.24971024692058563, 0.19552618265151978, 0.1460019201040268, 0.11368061602115631], "binary_accuracy": [0.7994217276573181, 0.9067582488059998, 0.9335019588470459, 0.9501264691352844, 0.970003604888916], "val_loss": [0.293881356716156, 0.3240449130535126, 0.2882080376148224, 0.3354457914829254, 0.3750000298023224], "val_binary_accuracy": [0.9001446962356567, 0.8842257857322693, 0.8943560123443604, 0.9146165251731873, 0.9146165251731873]}