{"loss": [0.3799324035644531, 0.14416180551052094, 0.08882483839988708, 0.070963554084301, 0.03143918514251709], "binary_accuracy": [0.796515703201294, 0.9574912786483765, 0.9693379998207092, 0.9770034551620483, 0.9902439117431641], "val_loss": [0.14087212085723877, 0.13372445106506348, 0.17151972651481628, 0.1756407916545868, 0.14331871271133423], "val_binary_accuracy": [0.9581005573272705, 0.9608938694000244, 0.9581005573272705, 0.9636871218681335, 0.9720670580863953]}