{"loss": [0.6641449928283691, 0.49186575412750244, 0.40977805852890015, 0.33406510949134827, 0.24749253690242767], "binary_accuracy": [0.5631579160690308, 0.7556390762329102, 0.7834586501121521, 0.8548872470855713, 0.8939849734306335], "val_loss": [0.5284998416900635, 0.3702884316444397, 0.40275803208351135, 0.41325828433036804, 0.41733789443969727], "val_binary_accuracy": [0.5963855385780334, 0.8132529854774475, 0.8072289228439331, 0.8403614163398743, 0.8042168617248535]}