{"loss": [0.4137728810310364, 0.259006530046463, 0.18338145315647125, 0.1399323046207428, 0.10490071773529053], "binary_accuracy": [0.778661847114563, 0.8922242522239685, 0.9338155388832092, 0.949367105960846, 0.9674502611160278], "val_loss": [0.30861955881118774, 0.22023135423660278, 0.202488973736763, 0.23319371044635773, 0.2583112418651581], "val_binary_accuracy": [0.8784370422363281, 0.9204052090644836, 0.9232995510101318, 0.9218524098396301, 0.92619389295578]}