{"loss": [0.6602662205696106, 0.34543576836586, 0.23278585076332092, 0.18495121598243713, 0.13175556063652039], "binary_accuracy": [0.4809713661670685, 0.5032620429992676, 0.5048930644989014, 0.5036244988441467, 0.4994563162326813], "val_loss": [0.5079331994056702, 0.28763240575790405, 0.26625606417655945, 0.2966502010822296, 0.39067697525024414], "val_binary_accuracy": [0.5079709887504578, 0.5079709887504578, 0.502173900604248, 0.5007246136665344, 0.4992753565311432]}