{"loss": [0.41272562742233276, 0.2212086319923401, 0.15506677329540253, 0.12598782777786255, 0.09113352000713348], "binary_accuracy": [0.7903866767883301, 0.9110950231552124, 0.9374774098396301, 0.9562703371047974, 0.9645825624465942], "val_loss": [0.31871938705444336, 0.3184627890586853, 0.3367014229297638, 0.3649235665798187, 0.38471081852912903], "val_binary_accuracy": [0.8900144696235657, 0.8972503542900085, 0.9059334397315979, 0.9102749824523926, 0.9102749824523926]}