{"loss": [0.5689084529876709, 0.3580579161643982, 0.254014790058136, 0.14959661662578583, 0.09738782048225403], "binary_accuracy": [0.6766917109489441, 0.8481202721595764, 0.8917292952537537, 0.9533834457397461, 0.969924807548523], "val_loss": [0.4497431516647339, 0.33840325474739075, 0.3063461482524872, 0.3019731938838959, 0.3258320987224579], "val_binary_accuracy": [0.8283132314682007, 0.8253012299537659, 0.8554216623306274, 0.9066265225410461, 0.900602400302887]}