{"loss": [0.4737553298473358, 0.1862107664346695, 0.13175244629383087, 0.1035156100988388, 0.06247175857424736], "binary_accuracy": [0.7658132314682007, 0.9367470145225525, 0.9615963697433472, 0.9638554453849792, 0.983433723449707], "val_loss": [0.18835772573947906, 0.16966859996318817, 0.18875116109848022, 0.19038012623786926, 0.19176994264125824], "val_binary_accuracy": [0.9335347414016724, 0.9486404657363892, 0.9546827673912048, 0.9516616463661194, 0.9516616463661194]}