{"loss": [0.5215562582015991, 0.3222878873348236, 0.21242481470108032, 0.1471594125032425, 0.09580064564943314], "binary_accuracy": [0.704511284828186, 0.8646616339683533, 0.9120301008224487, 0.9428571462631226, 0.9646616578102112], "val_loss": [0.3761584758758545, 0.34080392122268677, 0.36385318636894226, 0.34220364689826965, 0.329961895942688], "val_binary_accuracy": [0.8343373537063599, 0.8313252925872803, 0.849397599697113, 0.8795180916786194, 0.8644578456878662]}