{"loss": [0.5041471123695374, 0.31572216749191284, 0.23484589159488678, 0.2103634923696518, 0.1492985337972641], "binary_accuracy": [0.7169172763824463, 0.8687970042228699, 0.9101503491401672, 0.927819550037384, 0.9515037536621094], "val_loss": [0.3477700352668762, 0.31183484196662903, 0.33083614706993103, 0.3561972975730896, 0.41400402784347534], "val_binary_accuracy": [0.8509036302566528, 0.8795180916786194, 0.8734939694404602, 0.8780120611190796, 0.8734939694404602]}