{"loss": [0.4352019727230072, 0.1628122180700302, 0.07762716710567474, 0.07641087472438812, 0.03380897641181946], "binary_accuracy": [0.7388579249382019, 0.9456824660301208, 0.972841203212738, 0.9791086316108704, 0.9916434288024902], "val_loss": [0.23046965897083282, 0.26528188586235046, 0.2698056697845459, 0.19200536608695984, 0.1807875633239746], "val_binary_accuracy": [0.924580991268158, 0.910614550113678, 0.9273743033409119, 0.9581005573272705, 0.9525139927864075]}