{"loss": [0.4202577769756317, 0.2053612470626831, 0.1337895542383194, 0.10646820068359375, 0.05950809642672539], "binary_accuracy": [0.7802674174308777, 0.921937108039856, 0.9526563286781311, 0.9656667709350586, 0.9822912812232971], "val_loss": [0.3117526173591614, 0.33747389912605286, 0.30743375420570374, 0.3371838331222534, 0.36023831367492676], "val_binary_accuracy": [0.8958032131195068, 0.9001446962356567, 0.9073805809020996, 0.9102749824523926, 0.9088277816772461]}