{"loss": [0.4137527644634247, 0.1688324213027954, 0.12087011337280273, 0.08786166459321976, 0.0688195526599884], "binary_accuracy": [0.7903469204902649, 0.9351432919502258, 0.9547511339187622, 0.9690799117088318, 0.9743589758872986], "val_loss": [0.18747475743293762, 0.15418370068073273, 0.15360364317893982, 0.166307732462883, 0.1719665229320526], "val_binary_accuracy": [0.9365558624267578, 0.9486404657363892, 0.9456193447113037, 0.9486404657363892, 0.9516616463661194]}