{"loss": [0.34694817662239075, 0.1323600560426712, 0.06804591417312622, 0.0460238978266716, 0.02480810321867466], "binary_accuracy": [0.8217270374298096, 0.9547353982925415, 0.9742339849472046, 0.984679639339447, 0.9930362105369568], "val_loss": [0.17074963450431824, 0.15084104239940643, 0.17983365058898926, 0.17232359945774078, 0.1699233204126358], "val_binary_accuracy": [0.9525139927864075, 0.9553072452545166, 0.9469273686408997, 0.9608938694000244, 0.9608938694000244]}