{"loss": [0.6583411693572998, 0.3937326967716217, 0.298878014087677, 0.26614928245544434, 0.22688521444797516], "binary_accuracy": [0.4928355813026428, 0.4677601754665375, 0.4960407316684723, 0.4969834089279175, 0.49886876344680786], "val_loss": [0.5194380879402161, 0.3340853154659271, 0.3318518400192261, 0.3730398416519165, 0.44513964653015137], "val_binary_accuracy": [0.4110105633735657, 0.5075414776802063, 0.5233786106109619, 0.5180995464324951, 0.4879336357116699]}