{"loss": [0.3989729583263397, 0.1610586941242218, 0.1121450662612915, 0.08237095922231674, 0.07390420138835907], "binary_accuracy": [0.8022283911705017, 0.9352367520332336, 0.961002767086029, 0.9756267666816711, 0.9742339849472046], "val_loss": [0.21510185301303864, 0.1804703027009964, 0.17973016202449799, 0.19309259951114655, 0.17943908274173737], "val_binary_accuracy": [0.924580991268158, 0.9413408041000366, 0.9469273686408997, 0.9385474920272827, 0.9413408041000366]}