{"loss": [0.45095738768577576, 0.3061384856700897, 0.2102614790201187, 0.1551857441663742, 0.13399925827980042], "binary_accuracy": [0.7592191100120544, 0.8843094706535339, 0.9255242347717285, 0.9457700848579407, 0.963123619556427], "val_loss": [0.38001424074172974, 0.2688394784927368, 0.40424856543540955, 0.4626274108886719, 0.33812427520751953], "val_binary_accuracy": [0.7684515118598938, 0.8972503542900085, 0.8842257857322693, 0.8929088115692139, 0.9088277816772461]}