{"loss": [0.6078053712844849, 0.36241984367370605, 0.2693905830383301, 0.2196795642375946, 0.18632206320762634], "binary_accuracy": [0.664409339427948, 0.8404815793037415, 0.8818660378456116, 0.9119638800621033, 0.9292701482772827], "val_loss": [0.3447531759738922, 0.3214881122112274, 0.30186915397644043, 0.30326977372169495, 0.33304503560066223], "val_binary_accuracy": [0.8524096608161926, 0.8734939694404602, 0.8855421543121338, 0.8885542154312134, 0.8885542154312134]}