{"loss": [0.6452544927597046, 0.33692094683647156, 0.23223397135734558, 0.19323603808879852, 0.15992246568202972], "binary_accuracy": [0.49583181738853455, 0.5005436539649963, 0.5021746754646301, 0.5019934773445129, 0.5001811981201172], "val_loss": [0.49088868498802185, 0.3221285045146942, 0.2882183790206909, 0.4184744954109192, 0.3712798058986664], "val_binary_accuracy": [0.49782609939575195, 0.48768115043640137, 0.5130434632301331, 0.5181159377098083, 0.5050724744796753]}