{"loss": [0.45591235160827637, 0.14190921187400818, 0.06958886235952377, 0.0418255589902401, 0.022049525752663612], "binary_accuracy": [0.7493036389350891, 0.9561281204223633, 0.9811977744102478, 0.988161563873291, 0.9951253533363342], "val_loss": [0.20694012939929962, 0.11587610840797424, 0.16719374060630798, 0.1753748208284378, 0.17568765580654144], "val_binary_accuracy": [0.9385474920272827, 0.9553072452545166, 0.9497206807136536, 0.9581005573272705, 0.9553072452545166]}