{"loss": [0.4580334424972534, 0.17862391471862793, 0.1349555402994156, 0.07067950069904327, 0.052405450493097305], "binary_accuracy": [0.7893152832984924, 0.9375470280647278, 0.9541008472442627, 0.9781790971755981, 0.9834461808204651], "val_loss": [0.17540974915027618, 0.12738682329654694, 0.14477810263633728, 0.19641846418380737, 0.17382438480854034], "val_binary_accuracy": [0.9578313231468201, 0.9608433842658997, 0.9608433842658997, 0.9578313231468201, 0.9578313231468201]}