{"loss": [0.5949668288230896, 0.37406066060066223, 0.297839879989624, 0.24617630243301392, 0.22908729314804077], "binary_accuracy": [0.6639097929000854, 0.8263157606124878, 0.8669173121452332, 0.9015037417411804, 0.9075188040733337], "val_loss": [0.5623294711112976, 0.46908825635910034, 0.3965671956539154, 0.37504103779792786, 0.3632235825061798], "val_binary_accuracy": [0.6867470145225525, 0.7771084308624268, 0.8313252925872803, 0.8403614163398743, 0.8343373537063599]}