{"loss": [0.39779630303382874, 0.14461593329906464, 0.08805494755506516, 0.07533836364746094, 0.048581067472696304], "binary_accuracy": [0.796657383441925, 0.9449860453605652, 0.9735376238822937, 0.976323127746582, 0.9811977744102478], "val_loss": [0.14717981219291687, 0.10260968655347824, 0.15178349614143372, 0.09100829809904099, 0.08290565013885498], "val_binary_accuracy": [0.9497206807136536, 0.9664804339408875, 0.9525139927864075, 0.9664804339408875, 0.9748603105545044]}