{"loss": [0.4147924482822418, 0.16831853985786438, 0.13777250051498413, 0.10357251763343811, 0.08005622774362564], "binary_accuracy": [0.7797888517379761, 0.9464554786682129, 0.9630467295646667, 0.9728506803512573, 0.9758672714233398], "val_loss": [0.24418632686138153, 0.22602683305740356, 0.14581948518753052, 0.22444258630275726, 0.195047527551651], "val_binary_accuracy": [0.8731117844581604, 0.9365558624267578, 0.9486404657363892, 0.9486404657363892, 0.9516616463661194]}