{"loss": [0.3855113089084625, 0.2510494291782379, 0.13382847607135773, 0.09358934313058853, 0.06238844245672226], "binary_accuracy": [0.7979093790054321, 0.9184669256210327, 0.9609755873680115, 0.9777003526687622, 0.9853658676147461], "val_loss": [0.21091149747371674, 0.13489602506160736, 0.11980046331882477, 0.148264542222023, 0.2036494016647339], "val_binary_accuracy": [0.9301676154136658, 0.9581005573272705, 0.9664804339408875, 0.9692737460136414, 0.9664804339408875]}