{"loss": [0.4839608669281006, 0.30682945251464844, 0.25667521357536316, 0.22420108318328857, 0.1977260559797287], "binary_accuracy": [0.7221804261207581, 0.8654135465621948, 0.897744357585907, 0.9157894849777222, 0.9255639314651489], "val_loss": [0.34488391876220703, 0.3227120339870453, 0.3287028670310974, 0.3384082317352295, 0.3373456299304962], "val_binary_accuracy": [0.8554216623306274, 0.8599397540092468, 0.865963876247406, 0.858433723449707, 0.8674699068069458]}