{"loss": [0.4018496870994568, 0.18881185352802277, 0.1041770875453949, 0.057822782546281815, 0.03656507655978203], "binary_accuracy": [0.757499098777771, 0.9233826994895935, 0.9645825624465942, 0.9844596982002258, 0.9906035661697388], "val_loss": [0.23721162974834442, 0.29638856649398804, 0.3512725234031677, 0.43428879976272583, 0.3417707085609436], "val_binary_accuracy": [0.9044862389564514, 0.9117221236228943, 0.9204052090644836, 0.9175108671188354, 0.9247467517852783]}