{"loss": [0.4822785556316376, 0.29817116260528564, 0.23728697001934052, 0.18189053237438202, 0.12259491533041], "binary_accuracy": [0.7315789461135864, 0.8751879930496216, 0.901127815246582, 0.9379699230194092, 0.9567669034004211], "val_loss": [0.3041990101337433, 0.277387797832489, 0.3280803859233856, 0.33705148100852966, 0.37637245655059814], "val_binary_accuracy": [0.8689758777618408, 0.8945783376693726, 0.8765060305595398, 0.8810241222381592, 0.8930723071098328]}