{"loss": [0.4243730902671814, 0.30522608757019043, 0.24952465295791626, 0.17838028073310852, 0.1437075138092041], "binary_accuracy": [0.7649186253547668, 0.8672694563865662, 0.9189873337745667, 0.943942129611969, 0.9544304013252258], "val_loss": [0.352260559797287, 0.2578815817832947, 0.26839447021484375, 0.3325852155685425, 0.21365222334861755], "val_binary_accuracy": [0.8408104181289673, 0.9059334397315979, 0.9175108671188354, 0.9073805809020996, 0.9218524098396301]}