{"loss": [0.42102810740470886, 0.22536157071590424, 0.15421494841575623, 0.1065417230129242, 0.06191423535346985], "binary_accuracy": [0.7848879098892212, 0.9179320335388184, 0.9446854591369629, 0.9645697474479675, 0.9801157116889954], "val_loss": [0.29850444197654724, 0.23140041530132294, 0.24920645356178284, 0.3532717823982239, 0.3194308578968048], "val_binary_accuracy": [0.8827785849571228, 0.9175108671188354, 0.9102749824523926, 0.9088277816772461, 0.9175108671188354]}