{"loss": [0.3587295711040497, 0.09055529534816742, 0.032476380467414856, 0.012648931704461575, 0.002826468786224723], "binary_accuracy": [0.8125435709953308, 0.9707317352294922, 0.988153338432312, 0.9972125291824341, 0.9993031620979309], "val_loss": [0.0905793234705925, 0.09402908384799957, 0.12957993149757385, 0.14368203282356262, 0.12780451774597168], "val_binary_accuracy": [0.9692737460136414, 0.9748603105545044, 0.9720670580863953, 0.9692737460136414, 0.9748603105545044]}