{"loss": [0.4091818034648895, 0.16843096911907196, 0.12536458671092987, 0.09897972643375397, 0.06751769036054611], "binary_accuracy": [0.7993989586830139, 0.9361382126808167, 0.9564237594604492, 0.9646881818771362, 0.976709246635437], "val_loss": [0.158424511551857, 0.10781718790531158, 0.10946018993854523, 0.11703380942344666, 0.1173732802271843], "val_binary_accuracy": [0.9518072009086609, 0.9457831382751465, 0.9638554453849792, 0.9668674468994141, 0.9668674468994141]}