{"loss": [0.47538793087005615, 0.2622150182723999, 0.18490229547023773, 0.11462865769863129, 0.0697324275970459], "binary_accuracy": [0.7357142567634583, 0.8958646655082703, 0.9342105388641357, 0.9635338187217712, 0.9808270931243896], "val_loss": [0.33535587787628174, 0.34731820225715637, 0.4014284908771515, 0.4489434063434601, 0.4863711893558502], "val_binary_accuracy": [0.8674699068069458, 0.8719879388809204, 0.8734939694404602, 0.8719879388809204, 0.8795180916786194]}