{"loss": [0.5589169859886169, 0.38678181171417236, 0.3028489351272583, 0.21343331038951874, 0.14457955956459045], "binary_accuracy": [0.6443608999252319, 0.8165413737297058, 0.8654135465621948, 0.9120301008224487, 0.9481202960014343], "val_loss": [0.5339627861976624, 0.456260621547699, 0.490884929895401, 0.5110823512077332, 0.5154288411140442], "val_binary_accuracy": [0.7469879388809204, 0.7650602459907532, 0.8253012299537659, 0.8222891688346863, 0.8072289228439331]}