{"loss": [0.399846613407135, 0.21317298710346222, 0.12356553226709366, 0.05949671193957329, 0.030097326263785362], "binary_accuracy": [0.7866955995559692, 0.9204627871513367, 0.9642082452774048, 0.9837310314178467, 0.9913232326507568], "val_loss": [0.243928000330925, 0.2831804156303406, 0.3036614656448364, 0.3539871275424957, 0.38197973370552063], "val_binary_accuracy": [0.9030390977859497, 0.9030390977859497, 0.9175108671188354, 0.9189580082893372, 0.9175108671188354]}