{"loss": [0.5507112145423889, 0.3415467143058777, 0.23362280428409576, 0.16338199377059937, 0.1092805415391922], "binary_accuracy": [0.6646616458892822, 0.8458646535873413, 0.9045112729072571, 0.9330826997756958, 0.9586465954780579], "val_loss": [0.4431660771369934, 0.47976091504096985, 0.5620743632316589, 0.6177987456321716, 0.5844744443893433], "val_binary_accuracy": [0.8222891688346863, 0.7801204919815063, 0.7831325531005859, 0.8072289228439331, 0.8162650465965271]}