{"loss": [0.4607112407684326, 0.1811971813440323, 0.10779179632663727, 0.06979142874479294, 0.05406731367111206], "binary_accuracy": [0.7409470677375793, 0.9338440299034119, 0.961002767086029, 0.9749303460121155, 0.9839832782745361], "val_loss": [0.23009885847568512, 0.14584602415561676, 0.1801787167787552, 0.17747630178928375, 0.17898426949977875], "val_binary_accuracy": [0.9329608678817749, 0.9497206807136536, 0.9636871218681335, 0.9413408041000366, 0.9581005573272705]}