{"loss": [0.6336394548416138, 0.41563665866851807, 0.3633754551410675, 0.32258760929107666, 0.2825278043746948], "binary_accuracy": [0.61654132604599, 0.790977418422699, 0.8293232917785645, 0.8548872470855713, 0.8676691651344299], "val_loss": [0.43181532621383667, 0.3754437565803528, 0.3872205317020416, 0.40873369574546814, 0.397245854139328], "val_binary_accuracy": [0.7650602459907532, 0.7921686768531799, 0.8162650465965271, 0.8313252925872803, 0.8012048006057739]}