{"loss": [0.5158742666244507, 0.26570916175842285, 0.19922885298728943, 0.13222384452819824, 0.09020145237445831], "binary_accuracy": [0.7037593722343445, 0.88345867395401, 0.927819550037384, 0.9481202960014343, 0.9669172763824463], "val_loss": [0.34475305676460266, 0.3700517416000366, 0.37838348746299744, 0.47147345542907715, 0.44219833612442017], "val_binary_accuracy": [0.8222891688346863, 0.8403614163398743, 0.8704819083213806, 0.858433723449707, 0.8765060305595398]}