{"loss": [0.383432000875473, 0.16886718571186066, 0.12342521548271179, 0.07887587696313858, 0.03364802151918411], "binary_accuracy": [0.796515703201294, 0.9554007053375244, 0.9700348377227783, 0.9790940880775452, 0.9923344850540161], "val_loss": [0.18971258401870728, 0.19904370605945587, 0.30128908157348633, 0.14777110517024994, 0.13812041282653809], "val_binary_accuracy": [0.9441340565681458, 0.9525139927864075, 0.9273743033409119, 0.9664804339408875, 0.9664804339408875]}