{"loss": [0.5910301804542542, 0.3483787477016449, 0.26541590690612793, 0.2182399481534958, 0.20901601016521454], "binary_accuracy": [0.6639097929000854, 0.8398496508598328, 0.87443608045578, 0.9052631855010986, 0.9105263352394104], "val_loss": [0.393242746591568, 0.2990027964115143, 0.3002481758594513, 0.3005588948726654, 0.29842618107795715], "val_binary_accuracy": [0.8042168617248535, 0.8644578456878662, 0.8825300931930542, 0.8855421543121338, 0.8674699068069458]}