{"loss": [0.38090261816978455, 0.1521884649991989, 0.08395100384950638, 0.04166566953063011, 0.016536034643650055], "binary_accuracy": [0.7863054871559143, 0.9458239078521729, 0.9759217500686646, 0.9857035279273987, 0.9947328567504883], "val_loss": [0.17724165320396423, 0.13936668634414673, 0.1369095891714096, 0.1552969515323639, 0.1704176366329193], "val_binary_accuracy": [0.9367470145225525, 0.9608433842658997, 0.9608433842658997, 0.9608433842658997, 0.9578313231468201]}