{"loss": [0.406669944524765, 0.1372120976448059, 0.09570300579071045, 0.05143333226442337, 0.02939986251294613], "binary_accuracy": [0.7918857932090759, 0.9489105939865112, 0.96543949842453, 0.980465829372406, 0.9879789352416992], "val_loss": [0.10716234892606735, 0.09194863587617874, 0.11020054668188095, 0.1498517245054245, 0.14903143048286438], "val_binary_accuracy": [0.9518072009086609, 0.9728915691375732, 0.9728915691375732, 0.9638554453849792, 0.9638554453849792]}