{"loss": [0.38647687435150146, 0.1603761613368988, 0.11219014972448349, 0.08513627201318741, 0.06714800745248795], "binary_accuracy": [0.7959610223770142, 0.9422005414962769, 0.9596100449562073, 0.9714484810829163, 0.9756267666816711], "val_loss": [0.18445923924446106, 0.1362595409154892, 0.10731860995292664, 0.10421954095363617, 0.09577792882919312], "val_binary_accuracy": [0.924580991268158, 0.9357541799545288, 0.9525139927864075, 0.9553072452545166, 0.9581005573272705]}