{"loss": [0.40426942706108093, 0.2321324199438095, 0.15153782069683075, 0.11187396198511124, 0.08165901154279709], "binary_accuracy": [0.78155517578125, 0.9157323837280273, 0.9464737772941589, 0.9649186134338379, 0.9772151708602905], "val_loss": [0.27791550755500793, 0.2465009242296219, 0.24681499600410461, 0.26834383606910706, 0.25572556257247925], "val_binary_accuracy": [0.9073805809020996, 0.916063666343689, 0.9204052090644836, 0.9305354356765747, 0.9319826364517212]}