{"loss": [0.44341573119163513, 0.11843591183423996, 0.04881658777594566, 0.020502815023064613, 0.011154895648360252], "binary_accuracy": [0.7783972024917603, 0.9581881761550903, 0.986759603023529, 0.995121955871582, 0.9972125291824341], "val_loss": [0.1341993510723114, 0.1333329826593399, 0.15231433510780334, 0.14257895946502686, 0.1725061982870102], "val_binary_accuracy": [0.9553072452545166, 0.9636871218681335, 0.9692737460136414, 0.9720670580863953, 0.9664804339408875]}