{"loss": [0.5584570169448853, 0.3524811565876007, 0.24233189225196838, 0.15766160190105438, 0.10661575198173523], "binary_accuracy": [0.6624060273170471, 0.8330827355384827, 0.8962405920028687, 0.9360902309417725, 0.9548872113227844], "val_loss": [0.3849605917930603, 0.4027441143989563, 0.4262205958366394, 0.4972204566001892, 0.5332025289535522], "val_binary_accuracy": [0.8192771077156067, 0.8403614163398743, 0.8403614163398743, 0.8343373537063599, 0.8313252925872803]}