{"loss": [0.43844127655029297, 0.2053256630897522, 0.12543369829654694, 0.08620122820138931, 0.038351885974407196], "binary_accuracy": [0.7555153965950012, 0.9197106957435608, 0.962748646736145, 0.9717902541160583, 0.9898734092712402], "val_loss": [0.21405713260173798, 0.2292867749929428, 0.27490857243537903, 0.24521055817604065, 0.2613791525363922], "val_binary_accuracy": [0.9204052090644836, 0.9247467517852783, 0.9247467517852783, 0.9348769783973694, 0.9363241791725159]}