{"loss": [0.3811693489551544, 0.13474838435649872, 0.1165497899055481, 0.08802303671836853, 0.06692534685134888], "binary_accuracy": [0.7952646017074585, 0.961002767086029, 0.964484691619873, 0.9658774137496948, 0.9798049926757812], "val_loss": [0.1726372092962265, 0.18932464718818665, 0.12387721985578537, 0.09798411279916763, 0.0786856934428215], "val_binary_accuracy": [0.924580991268158, 0.924580991268158, 0.9581005573272705, 0.9664804339408875, 0.9720670580863953]}