{"loss": [0.349163293838501, 0.11351708322763443, 0.04693516716361046, 0.012367519550025463, 0.005575964227318764], "binary_accuracy": [0.8027874827384949, 0.9686411023139954, 0.9860627055168152, 0.9972125291824341, 0.998606264591217], "val_loss": [0.13781899213790894, 0.12287686765193939, 0.12904015183448792, 0.16324497759342194, 0.15844093263149261], "val_binary_accuracy": [0.9581005573272705, 0.9608938694000244, 0.9664804339408875, 0.9581005573272705, 0.9553072452545166]}