{"loss": [0.4593918025493622, 0.2570815086364746, 0.20966334640979767, 0.1755940467119217, 0.1420626938343048], "binary_accuracy": [0.7401517629623413, 0.8847126960754395, 0.9179617166519165, 0.9302493929862976, 0.9450668692588806], "val_loss": [0.2802291512489319, 0.2563220262527466, 0.29203516244888306, 0.2949203550815582, 0.2554366886615753], "val_binary_accuracy": [0.8610709309577942, 0.8972503542900085, 0.9030390977859497, 0.9015918970108032, 0.9117221236228943]}