{"loss": [0.3475627303123474, 0.17277854681015015, 0.12374453991651535, 0.1214863657951355, 0.07049659639596939], "binary_accuracy": [0.8272980451583862, 0.9519498348236084, 0.9651810526847839, 0.9749303460121155, 0.9818941354751587], "val_loss": [0.4494367241859436, 0.0912419855594635, 0.2157927006483078, 0.10708003491163254, 0.05985978618264198], "val_binary_accuracy": [0.8659217953681946, 0.9664804339408875, 0.9720670580863953, 0.9804469347000122, 0.9832402467727661]}