{"loss": [0.40352991223335266, 0.18020550906658173, 0.09610623121261597, 0.061933014541864395, 0.050383310765028], "binary_accuracy": [0.795121967792511, 0.9303135871887207, 0.9644599556922913, 0.9790940880775452, 0.9818815588951111], "val_loss": [0.17660574615001678, 0.1352202147245407, 0.1652848720550537, 0.18873630464076996, 0.18988840281963348], "val_binary_accuracy": [0.9441340565681458, 0.9581005573272705, 0.9608938694000244, 0.9553072452545166, 0.9608938694000244]}