{"loss": [0.5210795998573303, 0.27504146099090576, 0.1851678192615509, 0.1395057588815689, 0.11256083101034164], "binary_accuracy": [0.7007519006729126, 0.8721804618835449, 0.9383458495140076, 0.955639123916626, 0.9593985080718994], "val_loss": [0.308230996131897, 0.39213815331459045, 0.34353601932525635, 0.44679462909698486, 0.4511992633342743], "val_binary_accuracy": [0.8855421543121338, 0.858433723449707, 0.900602400302887, 0.8885542154312134, 0.8765060305595398]}