{"loss": [0.5953946113586426, 0.36367642879486084, 0.2866819500923157, 0.24716944992542267, 0.21032090485095978], "binary_accuracy": [0.6553800106048584, 0.8337095379829407, 0.8758465051651001, 0.890895426273346, 0.9112114310264587], "val_loss": [0.4429369568824768, 0.35411638021469116, 0.3473820388317108, 0.3455514907836914, 0.35342952609062195], "val_binary_accuracy": [0.7319276928901672, 0.8463855385780334, 0.8644578456878662, 0.8674699068069458, 0.8614457845687866]}