{"loss": [0.47713741660118103, 0.3125300407409668, 0.2569919228553772, 0.23043839633464813, 0.19083745777606964], "binary_accuracy": [0.7484962344169617, 0.871052622795105, 0.902255654335022, 0.9127819538116455, 0.927819550037384], "val_loss": [0.31775087118148804, 0.33689895272254944, 0.2931630611419678, 0.32246825098991394, 0.3298269510269165], "val_binary_accuracy": [0.8795180916786194, 0.8674699068069458, 0.8990963697433472, 0.8930723071098328, 0.8990963697433472]}