{"loss": [0.4626424312591553, 0.2696249783039093, 0.19393715262413025, 0.1353110671043396, 0.08102419972419739], "binary_accuracy": [0.7501807808876038, 0.8929862380027771, 0.9338394999504089, 0.9519160985946655, 0.9725235104560852], "val_loss": [0.25275275111198425, 0.389375776052475, 0.2678947448730469, 0.2978058159351349, 0.3192833662033081], "val_binary_accuracy": [0.9015918970108032, 0.8972503542900085, 0.9189580082893372, 0.9204052090644836, 0.9232995510101318]}