{"loss": [0.44920089840888977, 0.17527614533901215, 0.12519916892051697, 0.08430346101522446, 0.0665929913520813], "binary_accuracy": [0.7644599080085754, 0.9324041604995728, 0.9505226612091064, 0.9693379998207092, 0.9749128818511963], "val_loss": [0.16902898252010345, 0.14400850236415863, 0.1370387077331543, 0.1414281725883484, 0.14586719870567322], "val_binary_accuracy": [0.9301676154136658, 0.9553072452545166, 0.9441340565681458, 0.9385474920272827, 0.9525139927864075]}