{"loss": [0.5693300366401672, 0.34330376982688904, 0.24650725722312927, 0.20632760226726532, 0.13908007740974426], "binary_accuracy": [0.6879699230194092, 0.8541353344917297, 0.8984962701797485, 0.9210526347160339, 0.9481202960014343], "val_loss": [0.3733053207397461, 0.4619368016719818, 0.3813142776489258, 0.38700205087661743, 0.4780508279800415], "val_binary_accuracy": [0.8614457845687866, 0.7981927990913391, 0.858433723449707, 0.849397599697113, 0.8644578456878662]}