{"loss": [0.34010863304138184, 0.1199612021446228, 0.040586620569229126, 0.016629831865429878, 0.012852120213210583], "binary_accuracy": [0.8328690528869629, 0.961002767086029, 0.9860724210739136, 0.9958217144012451, 0.9958217144012451], "val_loss": [0.10354375839233398, 0.07113087177276611, 0.044331684708595276, 0.0649377778172493, 0.05798334628343582], "val_binary_accuracy": [0.9469273686408997, 0.9664804339408875, 0.9832402467727661, 0.9776536226272583, 0.9804469347000122]}