{"loss": [0.5436741709709167, 0.3325541019439697, 0.22558003664016724, 0.1735447198152542, 0.1049022376537323], "binary_accuracy": [0.6796992421150208, 0.8556391000747681, 0.9142857193946838, 0.9360902309417725, 0.965413510799408], "val_loss": [0.3624306321144104, 0.4007333815097809, 0.3686620891094208, 0.4084591567516327, 0.4215986430644989], "val_binary_accuracy": [0.8433734774589539, 0.8463855385780334, 0.8614457845687866, 0.8554216623306274, 0.8433734774589539]}