{"loss": [0.4057079255580902, 0.19773440062999725, 0.11496827006340027, 0.06428968906402588, 0.029471440240740776], "binary_accuracy": [0.7841648459434509, 0.9287779927253723, 0.9652928709983826, 0.9779465198516846, 0.9909616708755493], "val_loss": [0.27922603487968445, 0.24214233458042145, 0.3072573244571686, 0.37376517057418823, 0.41981300711631775], "val_binary_accuracy": [0.8972503542900085, 0.9117221236228943, 0.9088277816772461, 0.9146165251731873, 0.9131693243980408]}