{"loss": [0.3674526810646057, 0.13646811246871948, 0.09087608754634857, 0.07146724313497543, 0.05960743874311447], "binary_accuracy": [0.8195121884346008, 0.9477351903915405, 0.9651567935943604, 0.9763066172599792, 0.9804878234863281], "val_loss": [0.14522771537303925, 0.10036247223615646, 0.09999518096446991, 0.09487982094287872, 0.1046585738658905], "val_binary_accuracy": [0.9497206807136536, 0.9581005573272705, 0.9748603105545044, 0.9664804339408875, 0.9692737460136414]}