{"loss": [0.46372032165527344, 0.24430911242961884, 0.16464543342590332, 0.10727214068174362, 0.07288014143705368], "binary_accuracy": [0.736899197101593, 0.9035056233406067, 0.9418142437934875, 0.9627755880355835, 0.9768702387809753], "val_loss": [0.2743724286556244, 0.2780042886734009, 0.2751026153564453, 0.34169939160346985, 0.31818103790283203], "val_binary_accuracy": [0.8769898414611816, 0.9131693243980408, 0.9218524098396301, 0.9015918970108032, 0.9146165251731873]}