{"loss": [0.4503735601902008, 0.18136265873908997, 0.10673665255308151, 0.06263968348503113, 0.0449831523001194], "binary_accuracy": [0.7575075030326843, 0.93543541431427, 0.9617117047309875, 0.9782282114028931, 0.9864864945411682], "val_loss": [0.13276545703411102, 0.10098393261432648, 0.11674179881811142, 0.14682796597480774, 0.12244090437889099], "val_binary_accuracy": [0.9427710771560669, 0.9518072009086609, 0.9608433842658997, 0.9698795080184937, 0.9698795080184937]}