{"loss": [0.5274990797042847, 0.3500368595123291, 0.3321947455406189, 0.22664512693881989, 0.17169830203056335], "binary_accuracy": [0.7105262875556946, 0.8413533568382263, 0.8646616339683533, 0.9112781882286072, 0.9338346123695374], "val_loss": [0.37783947587013245, 0.3827427625656128, 0.4068191647529602, 0.4825720191001892, 0.4591537415981293], "val_binary_accuracy": [0.8403614163398743, 0.8463855385780334, 0.8373494148254395, 0.8072289228439331, 0.8433734774589539]}