{"loss": [0.5967970490455627, 0.4101095199584961, 0.3423238694667816, 0.3244456946849823, 0.2867516279220581], "binary_accuracy": [0.6345864534378052, 0.7932330965995789, 0.8466165661811829, 0.8421052694320679, 0.8691729307174683], "val_loss": [0.51053386926651, 0.4417753219604492, 0.41396859288215637, 0.4500250816345215, 0.4095650613307953], "val_binary_accuracy": [0.6807228922843933, 0.7740963697433472, 0.8102409839630127, 0.8042168617248535, 0.8072289228439331]}