{"loss": [0.5209677815437317, 0.2764545977115631, 0.21111705899238586, 0.16838747262954712, 0.14918701350688934], "binary_accuracy": [0.7436731457710266, 0.877440333366394, 0.9150397777557373, 0.937816321849823, 0.9443239569664001], "val_loss": [0.301761656999588, 0.26537877321243286, 0.2627439796924591, 0.2758810520172119, 0.27687495946884155], "val_binary_accuracy": [0.8625180721282959, 0.8827785849571228, 0.8943560123443604, 0.8972503542900085, 0.898697555065155]}