{"loss": [0.5850769281387329, 0.39484095573425293, 0.3282071650028229, 0.2891227900981903, 0.2620611786842346], "binary_accuracy": [0.6330826878547668, 0.7992480993270874, 0.8466165661811829, 0.8631578683853149, 0.8872180581092834], "val_loss": [0.45677974820137024, 0.47383126616477966, 0.4658339023590088, 0.43376439809799194, 0.46514517068862915], "val_binary_accuracy": [0.7108433842658997, 0.7349397540092468, 0.759036123752594, 0.8072289228439331, 0.7740963697433472]}