{"loss": [0.4130789637565613, 0.1498648226261139, 0.09916285425424576, 0.07190915197134018, 0.05241278186440468], "binary_accuracy": [0.8013937473297119, 0.9498257637023926, 0.9637630581855774, 0.9742160439491272, 0.9825783967971802], "val_loss": [0.16437016427516937, 0.12504732608795166, 0.11741521209478378, 0.12349899858236313, 0.12355811148881912], "val_binary_accuracy": [0.9525139927864075, 0.9525139927864075, 0.9581005573272705, 0.9636871218681335, 0.9608938694000244]}