{"loss": [0.46777743101119995, 0.29980042576789856, 0.23606252670288086, 0.18313194811344147, 0.13528038561344147], "binary_accuracy": [0.746616542339325, 0.8721804618835449, 0.9109022617340088, 0.9319548606872559, 0.9575188159942627], "val_loss": [0.2796505391597748, 0.2711411416530609, 0.28355592489242554, 0.34047865867614746, 0.3567635118961334], "val_binary_accuracy": [0.8842105269432068, 0.8902255892753601, 0.8812029957771301, 0.8812029957771301, 0.8842105269432068]}