{"loss": [0.38774389028549194, 0.17273123562335968, 0.11370459198951721, 0.07451654225587845, 0.047457147389650345], "binary_accuracy": [0.800000011920929, 0.9428571462631226, 0.9658536314964294, 0.9749128818511963, 0.9846689701080322], "val_loss": [0.1592017114162445, 0.13845917582511902, 0.10145803540945053, 0.11783493310213089, 0.0991416946053505], "val_binary_accuracy": [0.9329608678817749, 0.9553072452545166, 0.9692737460136414, 0.9664804339408875, 0.9720670580863953]}