{"loss": [0.44061076641082764, 0.2497740238904953, 0.19708335399627686, 0.17731192708015442, 0.14033696055412292], "binary_accuracy": [0.7718727588653564, 0.8991323113441467, 0.9182935357093811, 0.9342010021209717, 0.9508315324783325], "val_loss": [0.33135727047920227, 0.24238480627536774, 0.2443009912967682, 0.2552814483642578, 0.25961533188819885], "val_binary_accuracy": [0.8625180721282959, 0.8972503542900085, 0.8943560123443604, 0.9073805809020996, 0.9001446962356567]}