{"loss": [0.3403155207633972, 0.094757080078125, 0.036922745406627655, 0.011908949352800846, 0.00859601516276598], "binary_accuracy": [0.8327525854110718, 0.9700348377227783, 0.9909407496452332, 0.9958187937736511, 0.998606264591217], "val_loss": [0.10952922701835632, 0.13191969692707062, 0.13830268383026123, 0.16138596832752228, 0.16953745484352112], "val_binary_accuracy": [0.9608938694000244, 0.9664804339408875, 0.9692737460136414, 0.9692737460136414, 0.9664804339408875]}