{"loss": [0.48246878385543823, 0.31858959794044495, 0.26063641905784607, 0.22324684262275696, 0.17999903857707977], "binary_accuracy": [0.7334586381912231, 0.8676691651344299, 0.9003759622573853, 0.9225564002990723, 0.9390977621078491], "val_loss": [0.42873847484588623, 0.3274260461330414, 0.3505360782146454, 0.40154463052749634, 0.3933328688144684], "val_binary_accuracy": [0.8539156913757324, 0.8780120611190796, 0.8704819083213806, 0.8704819083213806, 0.8734939694404602]}