{"loss": [0.508661687374115, 0.2535814344882965, 0.1468396633863449, 0.10671617090702057, 0.05137951672077179], "binary_accuracy": [0.6879699230194092, 0.8992481231689453, 0.9481202960014343, 0.9571428298950195, 0.9819548726081848], "val_loss": [0.3413260281085968, 0.3183799088001251, 0.3944852948188782, 0.4107578694820404, 0.40590158104896545], "val_binary_accuracy": [0.8644578456878662, 0.8734939694404602, 0.8524096608161926, 0.8765060305595398, 0.8795180916786194]}