{"loss": [0.6101841926574707, 0.35648614168167114, 0.275674045085907, 0.24310307204723358, 0.22482605278491974], "binary_accuracy": [0.6360902190208435, 0.8330827355384827, 0.87443608045578, 0.8902255892753601, 0.9135338068008423], "val_loss": [0.4340478777885437, 0.3142457902431488, 0.32409656047821045, 0.3068917989730835, 0.30379393696784973], "val_binary_accuracy": [0.7530120611190796, 0.849397599697113, 0.8795180916786194, 0.8765060305595398, 0.8554216623306274]}