{"loss": [0.6063392758369446, 0.3886159360408783, 0.3289514482021332, 0.2423224300146103, 0.16168296337127686], "binary_accuracy": [0.6501128673553467, 0.8314521908760071, 0.8668171763420105, 0.9097065329551697, 0.943566620349884], "val_loss": [0.3591213822364807, 0.3708204925060272, 0.3216935098171234, 0.28562599420547485, 0.273954838514328], "val_binary_accuracy": [0.8343373537063599, 0.8734939694404602, 0.8885542154312134, 0.8885542154312134, 0.900602400302887]}