{"loss": [0.40558233857154846, 0.22044920921325684, 0.27822762727737427, 0.1597476750612259, 0.11329115927219391], "binary_accuracy": [0.7878103852272034, 0.9194883108139038, 0.8871331810951233, 0.9518435001373291, 0.9714070558547974], "val_loss": [0.18298113346099854, 0.1709718108177185, 0.24809680879116058, 0.17150700092315674, 0.2030535787343979], "val_binary_accuracy": [0.9307228922843933, 0.9548192620277405, 0.9216867685317993, 0.9518072009086609, 0.9427710771560669]}