{"loss": [0.37196794152259827, 0.1297573447227478, 0.08618156611919403, 0.04381044954061508, 0.01783311739563942], "binary_accuracy": [0.8094879388809204, 0.9570783376693726, 0.974397599697113, 0.9856927990913391, 0.9947289228439331], "val_loss": [0.1797335296869278, 0.20472882688045502, 0.17643770575523376, 0.185997873544693, 0.19878613948822021], "val_binary_accuracy": [0.939577043056488, 0.9516616463661194, 0.9546827673912048, 0.9577039480209351, 0.9577039480209351]}