{"loss": [0.42514070868492126, 0.19751973450183868, 0.12414995580911636, 0.0715574249625206, 0.04250819981098175], "binary_accuracy": [0.7621973156929016, 0.9241055250167847, 0.960968554019928, 0.979400098323822, 0.9877123236656189], "val_loss": [0.26509541273117065, 0.2415671944618225, 0.48490259051322937, 0.40492114424705505, 0.36310330033302307], "val_binary_accuracy": [0.8958032131195068, 0.9088277816772461, 0.8914616703987122, 0.9030390977859497, 0.9146165251731873]}