{"loss": [0.42466357350349426, 0.22373569011688232, 0.17892900109291077, 0.11564145982265472, 0.07838492840528488], "binary_accuracy": [0.7719551920890808, 0.9125406742095947, 0.9342247843742371, 0.9595229625701904, 0.9728948473930359], "val_loss": [0.2889092266559601, 0.2989618480205536, 0.3477495312690735, 0.3928419053554535, 0.35586369037628174], "val_binary_accuracy": [0.8885672688484192, 0.9015918970108032, 0.9001446962356567, 0.9044862389564514, 0.9073805809020996]}