{"loss": [0.5130149722099304, 0.335734099149704, 0.2926308214664459, 0.250580370426178, 0.19178679585456848], "binary_accuracy": [0.7168607115745544, 0.8497934937477112, 0.8775816559791565, 0.9008637070655823, 0.9260233044624329], "val_loss": [0.3379414975643158, 0.3170817494392395, 0.27199605107307434, 0.3021361827850342, 0.2882216274738312], "val_binary_accuracy": [0.8646616339683533, 0.8706766963005066, 0.8902255892753601, 0.8872180581092834, 0.8887218236923218]}