{"loss": [0.5832263827323914, 0.37146949768066406, 0.3046647608280182, 0.24613115191459656, 0.21543148159980774], "binary_accuracy": [0.6631578803062439, 0.8285714387893677, 0.869924783706665, 0.8954887390136719, 0.9037594199180603], "val_loss": [0.38396841287612915, 0.4272463619709015, 0.3621037006378174, 0.3692190945148468, 0.37829098105430603], "val_binary_accuracy": [0.8313252925872803, 0.8554216623306274, 0.8403614163398743, 0.8433734774589539, 0.8343373537063599]}