{"loss": [0.6568754315376282, 0.32885974645614624, 0.2268342226743698, 0.18964749574661255, 0.1421130895614624], "binary_accuracy": [0.5025371313095093, 0.5036244988441467, 0.5014498233795166, 0.49565058946609497, 0.49963754415512085], "val_loss": [0.4828336834907532, 0.2779565155506134, 0.2849235534667969, 0.30196985602378845, 0.3804123103618622], "val_binary_accuracy": [0.47028985619544983, 0.502173900604248, 0.4992753565311432, 0.5007246136665344, 0.4992753565311432]}