{"loss": [0.4211224913597107, 0.1639765053987503, 0.10734174400568008, 0.08335414528846741, 0.060655564069747925], "binary_accuracy": [0.7811846733093262, 0.9393728375434875, 0.9574912786483765, 0.9693379998207092, 0.9818815588951111], "val_loss": [0.15686725080013275, 0.1257333755493164, 0.1264827400445938, 0.13211436569690704, 0.13881969451904297], "val_binary_accuracy": [0.9469273686408997, 0.9581005573272705, 0.9553072452545166, 0.9385474920272827, 0.9581005573272705]}