{"loss": [0.40514445304870605, 0.19776643812656403, 0.15265695750713348, 0.07833736389875412, 0.04219193756580353], "binary_accuracy": [0.7809902429580688, 0.9269967675209045, 0.9443440437316895, 0.9732562303543091, 0.9855439066886902], "val_loss": [0.31169453263282776, 0.3716600239276886, 0.36304551362991333, 0.434085875749588, 0.4612066447734833], "val_binary_accuracy": [0.8784370422363281, 0.8813313841819763, 0.8958032131195068, 0.9030390977859497, 0.898697555065155]}