{"loss": [0.3248230814933777, 0.10344144701957703, 0.05429059639573097, 0.03848469257354736, 0.011396421119570732], "binary_accuracy": [0.8384401202201843, 0.9623955488204956, 0.9853760600090027, 0.988161563873291, 0.9951253533363342], "val_loss": [0.09593867510557175, 0.09288102388381958, 0.16789710521697998, 0.1716615855693817, 0.15377536416053772], "val_binary_accuracy": [0.9692737460136414, 0.9720670580863953, 0.9581005573272705, 0.9581005573272705, 0.9581005573272705]}