{"loss": [0.6029635667800903, 0.40697458386421204, 0.33467212319374084, 0.31128084659576416, 0.27441659569740295], "binary_accuracy": [0.6172932386398315, 0.7962406277656555, 0.8406015038490295, 0.8556391000747681, 0.8849623799324036], "val_loss": [0.5355761647224426, 0.44438010454177856, 0.4765278995037079, 0.4392372965812683, 0.470801442861557], "val_binary_accuracy": [0.6114457845687866, 0.7680723071098328, 0.7710843086242676, 0.7801204919815063, 0.7801204919815063]}