{"loss": [0.4280453622341156, 0.2451096624135971, 0.17650994658470154, 0.12637625634670258, 0.08305972814559937], "binary_accuracy": [0.7739602327346802, 0.8990958333015442, 0.9345389008522034, 0.9587703347206116, 0.9735985398292542], "val_loss": [0.2505006790161133, 0.19489090144634247, 0.21295519173145294, 0.23654991388320923, 0.2813481092453003], "val_binary_accuracy": [0.9088277816772461, 0.9218524098396301, 0.9276410937309265, 0.9319826364517212, 0.9305354356765747]}