{"loss": [0.5509245991706848, 0.3711760938167572, 0.3146907687187195, 0.23120488226413727, 0.18359419703483582], "binary_accuracy": [0.6962406039237976, 0.8248120546340942, 0.8729323148727417, 0.9037594199180603, 0.9285714030265808], "val_loss": [0.43716034293174744, 0.4204323887825012, 0.6609303951263428, 0.5286653637886047, 0.5111347436904907], "val_binary_accuracy": [0.7831325531005859, 0.7981927990913391, 0.7018072009086609, 0.7921686768531799, 0.8042168617248535]}