{"loss": [0.45608362555503845, 0.15596871078014374, 0.08653227239847183, 0.06332217156887054, 0.043222859501838684], "binary_accuracy": [0.7318941354751587, 0.9463788270950317, 0.9679665565490723, 0.9811977744102478, 0.9888579249382019], "val_loss": [0.18535253405570984, 0.12561920285224915, 0.12654177844524384, 0.13198132812976837, 0.1471680998802185], "val_binary_accuracy": [0.9301676154136658, 0.9553072452545166, 0.9664804339408875, 0.9636871218681335, 0.9608938694000244]}