{"loss": [0.4009876251220703, 0.20058423280715942, 0.13156141340732574, 0.09175281971693039, 0.04971441254019737], "binary_accuracy": [0.8097561001777649, 0.9254355430603027, 0.9658536314964294, 0.9783971905708313, 0.988153338432312], "val_loss": [0.18897484242916107, 0.1338312178850174, 0.13353699445724487, 0.14573805034160614, 0.17999689280986786], "val_binary_accuracy": [0.9413408041000366, 0.9553072452545166, 0.9553072452545166, 0.9553072452545166, 0.9553072452545166]}