{"loss": [0.5828918218612671, 0.37879812717437744, 0.2971537411212921, 0.21109318733215332, 0.14709866046905518], "binary_accuracy": [0.6681715846061707, 0.8239277601242065, 0.8713318109512329, 0.9209932088851929, 0.9458239078521729], "val_loss": [0.38248103857040405, 0.42657580971717834, 0.37715044617652893, 0.400130033493042, 0.431039422750473], "val_binary_accuracy": [0.8554216623306274, 0.8373494148254395, 0.8373494148254395, 0.8283132314682007, 0.8253012299537659]}