{"loss": [0.542529821395874, 0.33904141187667847, 0.3006121516227722, 0.25254908204078674, 0.18765410780906677], "binary_accuracy": [0.7157894968986511, 0.856766939163208, 0.8849623799324036, 0.9045112729072571, 0.9300751686096191], "val_loss": [0.3566197454929352, 0.2847573757171631, 0.2866708040237427, 0.29323747754096985, 0.3187471926212311], "val_binary_accuracy": [0.8706766963005066, 0.8902255892753601, 0.8902255892753601, 0.8812029957771301, 0.8947368264198303]}