{"loss": [0.45870643854141235, 0.26574820280075073, 0.2227243036031723, 0.18188989162445068, 0.1218944787979126], "binary_accuracy": [0.7614745497703552, 0.8998915553092957, 0.919407308101654, 0.9345861673355103, 0.9598843455314636], "val_loss": [0.3119947016239166, 0.32225897908210754, 0.31752556562423706, 0.3435242772102356, 0.3374478220939636], "val_binary_accuracy": [0.8712011575698853, 0.8480463027954102, 0.885672926902771, 0.898697555065155, 0.9001446962356567]}