{"loss": [0.4842483103275299, 0.24832642078399658, 0.18061792850494385, 0.15129296481609344, 0.10682027041912079], "binary_accuracy": [0.7260571122169495, 0.9020599722862244, 0.9378387928009033, 0.9515721201896667, 0.9681966304779053], "val_loss": [0.3895735740661621, 0.25371935963630676, 0.27667391300201416, 0.28686532378196716, 0.3019225597381592], "val_binary_accuracy": [0.8813313841819763, 0.9117221236228943, 0.9131693243980408, 0.9131693243980408, 0.9175108671188354]}