{"loss": [0.6829786896705627, 0.5671295523643494, 0.3726048767566681, 0.2779744267463684, 0.21381697058677673], "binary_accuracy": [0.5154251456260681, 0.526335597038269, 0.5112866759300232, 0.49586156010627747, 0.5026335716247559], "val_loss": [0.655086874961853, 0.4296239912509918, 0.317400187253952, 0.3176514804363251, 0.46400031447410583], "val_binary_accuracy": [0.5105105042457581, 0.5675675868988037, 0.49399399757385254, 0.5, 0.5180180072784424]}