{"loss": [0.4450009763240814, 0.23081690073013306, 0.17640629410743713, 0.12085071206092834, 0.0939006581902504], "binary_accuracy": [0.760217010974884, 0.9153707027435303, 0.9388788342475891, 0.9641953110694885, 0.9703435897827148], "val_loss": [0.26316162943840027, 0.246631920337677, 0.2464284896850586, 0.2701614797115326, 0.2771585285663605], "val_binary_accuracy": [0.9044862389564514, 0.916063666343689, 0.9175108671188354, 0.9232995510101318, 0.9175108671188354]}