{"loss": [0.675276517868042, 0.4760455787181854, 0.32385265827178955, 0.23541995882987976, 0.16075903177261353], "binary_accuracy": [0.5458646416664124, 0.7451127767562866, 0.8654135465621948, 0.9112781882286072, 0.9443609118461609], "val_loss": [0.6831619143486023, 0.4571506679058075, 0.31071358919143677, 0.3050166070461273, 0.33460068702697754], "val_binary_accuracy": [0.47289156913757324, 0.8283132314682007, 0.858433723449707, 0.8674699068069458, 0.8644578456878662]}