{"loss": [0.44848889112472534, 0.24894119799137115, 0.2001456767320633, 0.15958259999752045, 0.13660873472690582], "binary_accuracy": [0.7520780563354492, 0.8923021554946899, 0.9237441420555115, 0.9385616183280945, 0.9490422606468201], "val_loss": [0.30701762437820435, 0.28414931893348694, 0.2610427141189575, 0.2992379069328308, 0.2918833792209625], "val_binary_accuracy": [0.8784370422363281, 0.8929088115692139, 0.9001446962356567, 0.8972503542900085, 0.898697555065155]}