{"loss": [0.40488502383232117, 0.19937610626220703, 0.13546282052993774, 0.09291031211614609, 0.06450865417718887], "binary_accuracy": [0.7824358344078064, 0.9273581504821777, 0.9530177116394043, 0.9703649878501892, 0.9808456897735596], "val_loss": [0.2582171857357025, 0.3314525783061981, 0.35528114438056946, 0.40893176198005676, 0.3638654947280884], "val_binary_accuracy": [0.8871201276779175, 0.898697555065155, 0.9146165251731873, 0.9015918970108032, 0.9073805809020996]}