{"loss": [0.5619065761566162, 0.315794438123703, 0.22446314990520477, 0.1586357206106186, 0.13016904890537262], "binary_accuracy": [0.6718467473983765, 0.8677268028259277, 0.9136248826980591, 0.9432598352432251, 0.960968554019928], "val_loss": [0.40322914719581604, 0.27538955211639404, 0.2916828691959381, 0.3258119225502014, 0.33711302280426025], "val_binary_accuracy": [0.771345853805542, 0.8900144696235657, 0.8914616703987122, 0.9088277816772461, 0.9015918970108032]}