{"loss": [0.40978506207466125, 0.20564916729927063, 0.13623589277267456, 0.06075975298881531, 0.025093648582696915], "binary_accuracy": [0.7777376174926758, 0.916154682636261, 0.9512106776237488, 0.9819298982620239, 0.9949403405189514], "val_loss": [0.3055037558078766, 0.2736046016216278, 0.3277057111263275, 0.3736269176006317, 0.420770525932312], "val_binary_accuracy": [0.8929088115692139, 0.9030390977859497, 0.9044862389564514, 0.9059334397315979, 0.9073805809020996]}