{"loss": [0.38014736771583557, 0.17386724054813385, 0.12508785724639893, 0.08082091063261032, 0.05085496976971626], "binary_accuracy": [0.8216027617454529, 0.9526132345199585, 0.9672473669052124, 0.9818815588951111, 0.9874564409255981], "val_loss": [0.16945414245128632, 0.24553817510604858, 0.09967582672834396, 0.09803323447704315, 0.14225468039512634], "val_binary_accuracy": [0.9441340565681458, 0.9357541799545288, 0.9748603105545044, 0.9832402467727661, 0.9692737460136414]}