{"loss": [0.6115143895149231, 0.38446542620658875, 0.3037071228027344, 0.20998771488666534, 0.16195495426654816], "binary_accuracy": [0.6418359875679016, 0.8322046399116516, 0.8735891580581665, 0.9209932088851929, 0.9360421299934387], "val_loss": [0.38751256465911865, 0.3856600522994995, 0.33116593956947327, 0.3442123234272003, 0.3684515953063965], "val_binary_accuracy": [0.8192771077156067, 0.8253012299537659, 0.8704819083213806, 0.8795180916786194, 0.8644578456878662]}