{"loss": [0.3993232548236847, 0.1517871916294098, 0.105491504073143, 0.07903947681188583, 0.059561073780059814], "binary_accuracy": [0.7930313348770142, 0.9477351903915405, 0.9616724848747253, 0.9714285731315613, 0.9804878234863281], "val_loss": [0.16250978410243988, 0.12090957164764404, 0.13921687006950378, 0.12267343699932098, 0.12423796951770782], "val_binary_accuracy": [0.9553072452545166, 0.9581005573272705, 0.9608938694000244, 0.9608938694000244, 0.9581005573272705]}