{"loss": [0.6039214134216309, 0.3389163017272949, 0.26059651374816895, 0.20616702735424042, 0.19479335844516754], "binary_accuracy": [0.655639111995697, 0.8413533568382263, 0.8909774422645569, 0.9090225696563721, 0.9120301008224487], "val_loss": [0.38845664262771606, 0.31044983863830566, 0.3569776713848114, 0.35155460238456726, 0.3191818594932556], "val_binary_accuracy": [0.8283132314682007, 0.8704819083213806, 0.8614457845687866, 0.8674699068069458, 0.8825300931930542]}