{"loss": [0.5091980695724487, 0.2744499444961548, 0.1838741898536682, 0.1251143515110016, 0.06537500023841858], "binary_accuracy": [0.7071428298950195, 0.8909774422645569, 0.9312030076980591, 0.9601503610610962, 0.9819548726081848], "val_loss": [0.3461077809333801, 0.34838613867759705, 0.3597378432750702, 0.436980277299881, 0.5177465081214905], "val_binary_accuracy": [0.8614457845687866, 0.8704819083213806, 0.8644578456878662, 0.8734939694404602, 0.8704819083213806]}