{"loss": [0.36939701437950134, 0.13088904321193695, 0.05968558415770531, 0.02169192023575306, 0.01507561095058918], "binary_accuracy": [0.8100600838661194, 0.9534534811973572, 0.9819819927215576, 0.9954954981803894, 0.9954954981803894], "val_loss": [0.13517889380455017, 0.15405884385108948, 0.15336787700653076, 0.1821279078722, 0.18063993752002716], "val_binary_accuracy": [0.9638554453849792, 0.9608433842658997, 0.9668674468994141, 0.9638554453849792, 0.9638554453849792]}