{"loss": [0.44575563073158264, 0.2795024812221527, 0.20351377129554749, 0.12400849908590317, 0.08377927541732788], "binary_accuracy": [0.7515037655830383, 0.8939849734306335, 0.9248120188713074, 0.9609022736549377, 0.9751879572868347], "val_loss": [0.31546756625175476, 0.28329724073410034, 0.29990696907043457, 0.3868599236011505, 0.44310393929481506], "val_binary_accuracy": [0.8781954646110535, 0.8766917586326599, 0.8947368264198303, 0.8962405920028687, 0.8917292952537537]}