{"loss": [0.467000812292099, 0.2716849744319916, 0.19880633056163788, 0.16491764783859253, 0.11240935325622559], "binary_accuracy": [0.7293097376823425, 0.8944705724716187, 0.930972158908844, 0.9436212778091431, 0.9678351879119873], "val_loss": [0.328345388174057, 0.38634899258613586, 0.4129347503185272, 0.3900302052497864, 0.3557075560092926], "val_binary_accuracy": [0.8596237301826477, 0.8900144696235657, 0.8465991020202637, 0.898697555065155, 0.9015918970108032]}