{"loss": [0.6131151914596558, 0.419821560382843, 0.3223167657852173, 0.26353493332862854, 0.2353728711605072], "binary_accuracy": [0.6124905943870544, 0.791572630405426, 0.8547780513763428, 0.8878856301307678, 0.8969149589538574], "val_loss": [0.42968639731407166, 0.355070561170578, 0.3030940592288971, 0.28823256492614746, 0.29629313945770264], "val_binary_accuracy": [0.8222891688346863, 0.8042168617248535, 0.8734939694404602, 0.8704819083213806, 0.8795180916786194]}