{"loss": [0.5152744650840759, 0.23951882123947144, 0.16004455089569092, 0.09752461314201355, 0.06364675611257553], "binary_accuracy": [0.6969924569129944, 0.9015037417411804, 0.9398496150970459, 0.9646616578102112, 0.9744361042976379], "val_loss": [0.29480335116386414, 0.3550584316253662, 0.3182574212551117, 0.4612233340740204, 0.39189258217811584], "val_binary_accuracy": [0.8734939694404602, 0.8524096608161926, 0.8825300931930542, 0.8885542154312134, 0.8945783376693726]}