{"loss": [0.33375585079193115, 0.1180029809474945, 0.05302511528134346, 0.02450210601091385, 0.008385584689676762], "binary_accuracy": [0.8286908268928528, 0.9596100449562073, 0.988161563873291, 0.9937325716018677, 0.9986072182655334], "val_loss": [0.1239408329129219, 0.14223216474056244, 0.15187913179397583, 0.13516661524772644, 0.1517018973827362], "val_binary_accuracy": [0.9636871218681335, 0.9636871218681335, 0.9636871218681335, 0.9720670580863953, 0.9720670580863953]}