{"loss": [0.4543631672859192, 0.2642713487148285, 0.19846145808696747, 0.13698922097682953, 0.09697531163692474], "binary_accuracy": [0.764642059803009, 0.9009400010108948, 0.9320318102836609, 0.9540853500366211, 0.9707158207893372], "val_loss": [0.25546014308929443, 0.42768314480781555, 0.27215567231178284, 0.29496079683303833, 0.2943754494190216], "val_binary_accuracy": [0.8929088115692139, 0.8914616703987122, 0.9218524098396301, 0.9189580082893372, 0.9204052090644836]}