{"loss": [0.40771692991256714, 0.21783511340618134, 0.12612146139144897, 0.09019467979669571, 0.06590086966753006], "binary_accuracy": [0.7846689820289612, 0.9400696754455566, 0.9560975432395935, 0.9770034551620483, 0.9818815588951111], "val_loss": [0.19788400828838348, 0.15136171877384186, 0.15361806750297546, 0.1389884501695633, 0.15231502056121826], "val_binary_accuracy": [0.9413408041000366, 0.9553072452545166, 0.9553072452545166, 0.9636871218681335, 0.9581005573272705]}