{"loss": [0.47792115807533264, 0.24829687178134918, 0.17389431595802307, 0.1391187161207199, 0.09657066315412521], "binary_accuracy": [0.7352622151374817, 0.8998191952705383, 0.9417721629142761, 0.9522603750228882, 0.9696202278137207], "val_loss": [0.2415608912706375, 0.21264778077602386, 0.2754479646682739, 0.23413920402526855, 0.25701355934143066], "val_binary_accuracy": [0.9030390977859497, 0.92619389295578, 0.9102749824523926, 0.9334298372268677, 0.9348769783973694]}