{"loss": [0.4156891703605652, 0.194448783993721, 0.12542475759983063, 0.052734386175870895, 0.02417600527405739], "binary_accuracy": [0.7672569751739502, 0.9233826994895935, 0.9566317200660706, 0.9830141067504883, 0.9931333661079407], "val_loss": [0.3147401213645935, 0.2927417755126953, 0.3779414892196655, 0.4193940758705139, 0.4569232761859894], "val_binary_accuracy": [0.9015918970108032, 0.9073805809020996, 0.8914616703987122, 0.9073805809020996, 0.9030390977859497]}