{"loss": [0.4525022804737091, 0.16187600791454315, 0.08247345685958862, 0.03859002888202667, 0.02249934710562229], "binary_accuracy": [0.7331010699272156, 0.9358885288238525, 0.9728223085403442, 0.986759603023529, 0.9923344850540161], "val_loss": [0.15291321277618408, 0.1314184069633484, 0.1542426496744156, 0.19132724404335022, 0.18519537150859833], "val_binary_accuracy": [0.9497206807136536, 0.9441340565681458, 0.9664804339408875, 0.9692737460136414, 0.9692737460136414]}