{"loss": [0.5848472118377686, 0.38417717814445496, 0.2734658420085907, 0.16369961202144623, 0.10863138735294342], "binary_accuracy": [0.6538751125335693, 0.8359668850898743, 0.8841233849525452, 0.943566620349884, 0.9586154818534851], "val_loss": [0.390639990568161, 0.3034895360469818, 0.27699077129364014, 0.2935872972011566, 0.32917770743370056], "val_binary_accuracy": [0.849397599697113, 0.8855421543121338, 0.8885542154312134, 0.8825300931930542, 0.8795180916786194]}