{"loss": [0.4079461395740509, 0.2237386703491211, 0.15080620348453522, 0.09754136204719543, 0.06308356672525406], "binary_accuracy": [0.7762920260429382, 0.910010814666748, 0.9486808776855469, 0.9732562303543091, 0.9837368726730347], "val_loss": [0.2861320972442627, 0.23909041285514832, 0.2779874801635742, 0.33630481362342834, 0.33539557456970215], "val_binary_accuracy": [0.8581765294075012, 0.8943560123443604, 0.9117221236228943, 0.9088277816772461, 0.9117221236228943]}