{"loss": [0.6071887612342834, 0.3756531774997711, 0.2901608347892761, 0.2304118424654007, 0.242874875664711], "binary_accuracy": [0.61654132604599, 0.8278195261955261, 0.8774436116218567, 0.9135338068008423, 0.9105263352394104], "val_loss": [0.4485495686531067, 0.40386003255844116, 0.48885080218315125, 0.42444273829460144, 0.3898656964302063], "val_binary_accuracy": [0.7801204919815063, 0.8253012299537659, 0.8253012299537659, 0.8373494148254395, 0.8403614163398743]}