{"loss": [0.42263421416282654, 0.239831805229187, 0.15909795463085175, 0.10283291339874268, 0.05056207254528999], "binary_accuracy": [0.7885048985481262, 0.9064612984657288, 0.9391434788703918, 0.9650638699531555, 0.9845980405807495], "val_loss": [0.3285720646381378, 0.40797749161720276, 0.4928436875343323, 0.4826763868331909, 0.5536240935325623], "val_binary_accuracy": [0.8706766963005066, 0.8586466312408447, 0.8676691651344299, 0.8857142925262451, 0.8751879930496216]}