{"loss": [0.3904041349887848, 0.1283908486366272, 0.05465900897979736, 0.033857811242341995, 0.017286812886595726], "binary_accuracy": [0.7944250702857971, 0.9554007053375244, 0.9846689701080322, 0.9902439117431641, 0.995121955871582], "val_loss": [0.11827503144741058, 0.09985809028148651, 0.13088341057300568, 0.14866310358047485, 0.14136338233947754], "val_binary_accuracy": [0.9608938694000244, 0.9636871218681335, 0.9581005573272705, 0.9581005573272705, 0.9636871218681335]}