{"loss": [0.694297730922699, 0.41873714327812195, 0.30656927824020386, 0.23532108962535858, 0.16477501392364502], "binary_accuracy": [0.5593984723091125, 0.8045112490653992, 0.8774436116218567, 0.9150375723838806, 0.9375939965248108], "val_loss": [0.4745427370071411, 0.35115277767181396, 0.305158793926239, 0.31366613507270813, 0.30026599764823914], "val_binary_accuracy": [0.7259036302566528, 0.8433734774589539, 0.8734939694404602, 0.891566276550293, 0.8945783376693726]}