{"loss": [0.41563037037849426, 0.21760915219783783, 0.1225711777806282, 0.05965117737650871, 0.029602402821183205], "binary_accuracy": [0.7827972769737244, 0.916154682636261, 0.9512106776237488, 0.9830141067504883, 0.9920491576194763], "val_loss": [0.28126564621925354, 0.2954380512237549, 0.3727125823497772, 0.43129661679267883, 0.42695707082748413], "val_binary_accuracy": [0.8842257857322693, 0.8972503542900085, 0.9044862389564514, 0.9001446962356567, 0.9044862389564514]}