{"loss": [0.40286755561828613, 0.18780243396759033, 0.10688920319080353, 0.055895254015922546, 0.03017803281545639], "binary_accuracy": [0.7773762345314026, 0.9266353249549866, 0.9634983539581299, 0.9840983152389526, 0.9931333661079407], "val_loss": [0.25507068634033203, 0.2225499302148819, 0.37873929738998413, 0.471627801656723, 0.377861350774765], "val_binary_accuracy": [0.9001446962356567, 0.9175108671188354, 0.9015918970108032, 0.898697555065155, 0.9117221236228943]}