{"loss": [0.5012816190719604, 0.3087732493877411, 0.22331024706363678, 0.18658818304538727, 0.15049037337303162], "binary_accuracy": [0.7263196110725403, 0.8839479684829712, 0.924078106880188, 0.9443239569664001, 0.9569776058197021], "val_loss": [0.47207796573638916, 0.2848426401615143, 0.35541823506355286, 0.35036158561706543, 0.3005201816558838], "val_binary_accuracy": [0.8075253367424011, 0.8914616703987122, 0.9059334397315979, 0.9073805809020996, 0.9175108671188354]}