{"loss": [0.56495201587677, 0.2914378345012665, 0.18469808995723724, 0.11855703592300415, 0.08222334831953049], "binary_accuracy": [0.6736842393875122, 0.8706766963005066, 0.932330846786499, 0.9488722085952759, 0.9721804261207581], "val_loss": [0.3399795889854431, 0.28134509921073914, 0.30361950397491455, 0.3801128566265106, 0.3210090398788452], "val_binary_accuracy": [0.849397599697113, 0.891566276550293, 0.891566276550293, 0.8795180916786194, 0.900602400302887]}