{"loss": [0.5076850056648254, 0.37455007433891296, 0.3103681206703186, 0.24879957735538483, 0.1901722550392151], "binary_accuracy": [0.7120300531387329, 0.8484962582588196, 0.8845864534378052, 0.9082706570625305, 0.9330826997756958], "val_loss": [0.3353031873703003, 0.42019906640052795, 0.3321840763092041, 0.3501887917518616, 0.3792684078216553], "val_binary_accuracy": [0.8496240377426147, 0.8240601420402527, 0.8676691651344299, 0.8691729307174683, 0.8842105269432068]}