{"loss": [0.3553382158279419, 0.14541248977184296, 0.12241370230913162, 0.053933948278427124, 0.03138154000043869], "binary_accuracy": [0.8285714387893677, 0.9428571462631226, 0.9560975432395935, 0.9818815588951111, 0.9902439117431641], "val_loss": [0.14151836931705475, 0.17565597593784332, 0.12465320527553558, 0.18446576595306396, 0.15351705253124237], "val_binary_accuracy": [0.9525139927864075, 0.9525139927864075, 0.9664804339408875, 0.9664804339408875, 0.9692737460136414]}