{"loss": [0.6461006999015808, 0.36807647347450256, 0.30615705251693726, 0.23018300533294678, 0.14472511410713196], "binary_accuracy": [0.6282919645309448, 0.8404815793037415, 0.8765989542007446, 0.9059443473815918, 0.9518435001373291], "val_loss": [0.423507958650589, 0.38771355152130127, 0.37302863597869873, 0.36548441648483276, 0.3919870853424072], "val_binary_accuracy": [0.7831325531005859, 0.8072289228439331, 0.849397599697113, 0.849397599697113, 0.858433723449707]}