{"loss": [0.4794367253780365, 0.27885115146636963, 0.21310760080814362, 0.1738368570804596, 0.14882797002792358], "binary_accuracy": [0.7245119214057922, 0.8788864612579346, 0.914316713809967, 0.9385393857955933, 0.947577714920044], "val_loss": [0.28503113985061646, 0.243087038397789, 0.23985670506954193, 0.24565336108207703, 0.2454351931810379], "val_binary_accuracy": [0.8683068156242371, 0.8914616703987122, 0.8958032131195068, 0.9088277816772461, 0.9117221236228943]}