{"loss": [0.4760228097438812, 0.29801997542381287, 0.22170117497444153, 0.18702590465545654, 0.1286393404006958], "binary_accuracy": [0.7282255291938782, 0.8829056620597839, 0.9179617166519165, 0.9356703758239746, 0.9577159285545349], "val_loss": [0.3532094657421112, 0.2817921042442322, 0.24604225158691406, 0.29090002179145813, 0.28406575322151184], "val_binary_accuracy": [0.8668596148490906, 0.9044862389564514, 0.8972503542900085, 0.9044862389564514, 0.9204052090644836]}