{"loss": [0.3924030661582947, 0.19080884754657745, 0.14763294160366058, 0.07709655910730362, 0.06209080293774605], "binary_accuracy": [0.796515703201294, 0.9379791021347046, 0.9581881761550903, 0.9811846613883972, 0.9860627055168152], "val_loss": [0.2124476581811905, 0.1314702332019806, 0.13975796103477478, 0.20621907711029053, 0.20685410499572754], "val_binary_accuracy": [0.9385474920272827, 0.9608938694000244, 0.9608938694000244, 0.9581005573272705, 0.9608938694000244]}