{"loss": [0.5471230149269104, 0.3025524616241455, 0.2067243754863739, 0.1248912587761879, 0.07765720784664154], "binary_accuracy": [0.7050414085388184, 0.8698269128799438, 0.9179834723472595, 0.9578630328178406, 0.9774266481399536], "val_loss": [0.4202679693698883, 0.3769538402557373, 0.3432888686656952, 0.4096342921257019, 0.426841676235199], "val_binary_accuracy": [0.8313252925872803, 0.858433723449707, 0.8734939694404602, 0.8795180916786194, 0.8734939694404602]}