{"loss": [0.3341745138168335, 0.08768186718225479, 0.04880502447485924, 0.01661776751279831, 0.005773634649813175], "binary_accuracy": [0.8174216151237488, 0.9693379998207092, 0.9853658676147461, 0.9958187937736511, 0.997909426689148], "val_loss": [0.12223176658153534, 0.13570019602775574, 0.17989321053028107, 0.18088392913341522, 0.182912215590477], "val_binary_accuracy": [0.9608938694000244, 0.9664804339408875, 0.9525139927864075, 0.9553072452545166, 0.9525139927864075]}