{"loss": [0.4266735017299652, 0.16204117238521576, 0.08209394663572311, 0.04965578392148018, 0.029074832797050476], "binary_accuracy": [0.7672473788261414, 0.9505226612091064, 0.9728223085403442, 0.9860627055168152, 0.99303138256073], "val_loss": [0.17224037647247314, 0.14312441647052765, 0.12944433093070984, 0.18244002759456635, 0.15797045826911926], "val_binary_accuracy": [0.9413408041000366, 0.9581005573272705, 0.9636871218681335, 0.9608938694000244, 0.9664804339408875]}