{"loss": [0.6194363236427307, 0.3610873818397522, 0.2851642668247223, 0.2348770648241043, 0.19616661965847015], "binary_accuracy": [0.6501128673553467, 0.8314521908760071, 0.8818660378456116, 0.9036870002746582, 0.9209932088851929], "val_loss": [0.38670024275779724, 0.35005342960357666, 0.33473873138427734, 0.32866033911705017, 0.3331945836544037], "val_binary_accuracy": [0.8343373537063599, 0.8403614163398743, 0.8644578456878662, 0.8674699068069458, 0.8734939694404602]}