{"loss": [0.4599164128303528, 0.2829402685165405, 0.21404558420181274, 0.15600992739200592, 0.1056605875492096], "binary_accuracy": [0.7432330846786499, 0.8868421316146851, 0.9195488691329956, 0.9492481350898743, 0.9680451154708862], "val_loss": [0.32918980717658997, 0.3161459267139435, 0.3490046560764313, 0.39091798663139343, 0.42080602049827576], "val_binary_accuracy": [0.8614457845687866, 0.8704819083213806, 0.8719879388809204, 0.8765060305595398, 0.8795180916786194]}