{"loss": [0.5321191549301147, 0.27566492557525635, 0.17867277562618256, 0.10682544112205505, 0.06438309699296951], "binary_accuracy": [0.669924795627594, 0.8984962701797485, 0.9263157844543457, 0.9616541266441345, 0.9834586381912231], "val_loss": [0.3234316110610962, 0.29778826236724854, 0.3886958658695221, 0.3818502426147461, 0.42200666666030884], "val_binary_accuracy": [0.8554216623306274, 0.8704819083213806, 0.8765060305595398, 0.8825300931930542, 0.8795180916786194]}