{"loss": [0.43603289127349854, 0.15869779884815216, 0.1072653979063034, 0.08558282256126404, 0.05326121672987938], "binary_accuracy": [0.7416434288024902, 0.9463788270950317, 0.9714484810829163, 0.9714484810829163, 0.9805014133453369], "val_loss": [0.15613523125648499, 0.12582314014434814, 0.12122055143117905, 0.09092908352613449, 0.09664718806743622], "val_binary_accuracy": [0.9413408041000366, 0.9441340565681458, 0.9636871218681335, 0.9720670580863953, 0.9720670580863953]}