{"loss": [0.6119088530540466, 0.3910854160785675, 0.3006390929222107, 0.23425918817520142, 0.21963968873023987], "binary_accuracy": [0.6285714507102966, 0.8045112490653992, 0.8624060153961182, 0.8909774422645569, 0.8999999761581421], "val_loss": [0.40802448987960815, 0.309752881526947, 0.3151620030403137, 0.2848856747150421, 0.27703458070755005], "val_binary_accuracy": [0.7981927990913391, 0.8704819083213806, 0.8734939694404602, 0.8795180916786194, 0.8855421543121338]}