{"loss": [0.5439317226409912, 0.34893524646759033, 0.24094048142433167, 0.18893170356750488, 0.11618630588054657], "binary_accuracy": [0.6909774541854858, 0.8285714387893677, 0.9037594199180603, 0.9240601658821106, 0.9586465954780579], "val_loss": [0.39323875308036804, 0.3117348849773407, 0.31756851077079773, 0.34764736890792847, 0.39871883392333984], "val_binary_accuracy": [0.8313252925872803, 0.8765060305595398, 0.8674699068069458, 0.858433723449707, 0.8373494148254395]}