{"loss": [0.5170195698738098, 0.26618584990501404, 0.14146973192691803, 0.07865200191736221, 0.04533327743411064], "binary_accuracy": [0.6917293071746826, 0.88345867395401, 0.9406015276908875, 0.9736841917037964, 0.9857142567634583], "val_loss": [0.3178218603134155, 0.3006726801395416, 0.4061695337295532, 0.4707251787185669, 0.5291134119033813], "val_binary_accuracy": [0.8674699068069458, 0.8644578456878662, 0.8614457845687866, 0.8765060305595398, 0.8674699068069458]}