{"loss": [0.4306190311908722, 0.24053743481636047, 0.1929207742214203, 0.14872127771377563, 0.12223523110151291], "binary_accuracy": [0.7690639495849609, 0.8988073468208313, 0.9244669079780579, 0.9443440437316895, 0.9562703371047974], "val_loss": [0.32099777460098267, 0.3129969537258148, 0.32002192735671997, 0.3201758861541748, 0.3269476294517517], "val_binary_accuracy": [0.8610709309577942, 0.8610709309577942, 0.8900144696235657, 0.8900144696235657, 0.885672926902771]}