{"loss": [0.4723935127258301, 0.31668055057525635, 0.269192636013031, 0.2278500497341156, 0.2022077590227127], "binary_accuracy": [0.7390977740287781, 0.8545112609863281, 0.8853383660316467, 0.9082706570625305, 0.919924795627594], "val_loss": [0.31115591526031494, 0.27749887108802795, 0.27410954236984253, 0.273490846157074, 0.2819976508617401], "val_binary_accuracy": [0.8781954646110535, 0.8887218236923218, 0.8872180581092834, 0.8887218236923218, 0.8796992301940918]}