{"loss": [0.5153772234916687, 0.349361777305603, 0.28756237030029297, 0.23227354884147644, 0.19929808378219604], "binary_accuracy": [0.7317425608634949, 0.8474330902099609, 0.8817787170410156, 0.911424458026886, 0.9356471300125122], "val_loss": [0.39319056272506714, 0.2767861783504486, 0.2615208923816681, 0.23294378817081451, 0.24417920410633087], "val_binary_accuracy": [0.8379160761833191, 0.8871201276779175, 0.898697555065155, 0.9146165251731873, 0.9146165251731873]}