{"loss": [0.551522970199585, 0.36199110746383667, 0.26511508226394653, 0.15885509550571442, 0.11020608991384506], "binary_accuracy": [0.6772009134292603, 0.8322046399116516, 0.8939051628112793, 0.9337847828865051, 0.9661399722099304], "val_loss": [0.37082335352897644, 0.38097360730171204, 0.41641491651535034, 0.4933793544769287, 0.5174312591552734], "val_binary_accuracy": [0.8012048006057739, 0.8524096608161926, 0.8283132314682007, 0.8463855385780334, 0.8463855385780334]}