{"loss": [0.4951825439929962, 0.23485831916332245, 0.13370381295681, 0.08574096858501434, 0.0406610444188118], "binary_accuracy": [0.7067669034004211, 0.9052631855010986, 0.9496240615844727, 0.9684210419654846, 0.9849624037742615], "val_loss": [0.2689501643180847, 0.29431551694869995, 0.4172591269016266, 0.38733530044555664, 0.40157151222229004], "val_binary_accuracy": [0.8855421543121338, 0.900602400302887, 0.9066265225410461, 0.9036144614219666, 0.8945783376693726]}