{"loss": [0.5114650130271912, 0.2556217312812805, 0.1794673651456833, 0.14371947944164276, 0.10853782296180725], "binary_accuracy": [0.6938923001289368, 0.8966389298439026, 0.9389230012893677, 0.9490422606468201, 0.9663895964622498], "val_loss": [0.3307558596134186, 0.386698842048645, 0.43408945202827454, 0.4274347722530365, 0.41029801964759827], "val_binary_accuracy": [0.8581765294075012, 0.8871201276779175, 0.8784370422363281, 0.898697555065155, 0.8943560123443604]}