{"loss": [0.47820809483528137, 0.26107779145240784, 0.20901784300804138, 0.17181815207004547, 0.1464410126209259], "binary_accuracy": [0.7298372387886047, 0.8936708569526672, 0.9189873337745667, 0.9294756054878235, 0.9471970796585083], "val_loss": [0.24224409461021423, 0.20802739262580872, 0.2199191451072693, 0.24208518862724304, 0.2292826920747757], "val_binary_accuracy": [0.9001446962356567, 0.9117221236228943, 0.9175108671188354, 0.9088277816772461, 0.9131693243980408]}