{"loss": [0.4569370746612549, 0.15314804017543793, 0.10394147783517838, 0.059131599962711334, 0.04143645986914635], "binary_accuracy": [0.7880844473838806, 0.9502262473106384, 0.9668174982070923, 0.9803921580314636, 0.9917043447494507], "val_loss": [0.22466793656349182, 0.14142583310604095, 0.16767549514770508, 0.18005840480327606, 0.1923818290233612], "val_binary_accuracy": [0.9305136203765869, 0.9607250690460205, 0.9577039480209351, 0.9637462496757507, 0.9637462496757507]}