{"loss": [0.3803301155567169, 0.18470418453216553, 0.09885813295841217, 0.05559680983424187, 0.0324559286236763], "binary_accuracy": [0.7987465262413025, 0.9456824660301208, 0.9707520604133606, 0.9860724210739136, 0.9909470677375793], "val_loss": [0.26884403824806213, 0.15737754106521606, 0.21105767786502838, 0.21151307225227356, 0.21655631065368652], "val_binary_accuracy": [0.9301676154136658, 0.9608938694000244, 0.9525139927864075, 0.9608938694000244, 0.9581005573272705]}