{"loss": [0.578441858291626, 0.35637229681015015, 0.2920876443386078, 0.246023029088974, 0.21273374557495117], "binary_accuracy": [0.6676691770553589, 0.8248120546340942, 0.8684210777282715, 0.8894736766815186, 0.9090225696563721], "val_loss": [0.41269049048423767, 0.34433433413505554, 0.3785841464996338, 0.3462514877319336, 0.33791375160217285], "val_binary_accuracy": [0.7710843086242676, 0.8343373537063599, 0.8343373537063599, 0.8524096608161926, 0.8463855385780334]}