{"loss": [0.37482357025146484, 0.15565429627895355, 0.0850299671292305, 0.0390649139881134, 0.02161352150142193], "binary_accuracy": [0.7933635115623474, 0.953242838382721, 0.9751130938529968, 0.9894419312477112, 0.9917043447494507], "val_loss": [0.15064874291419983, 0.16206608712673187, 0.16144217550754547, 0.1678963303565979, 0.15160562098026276], "val_binary_accuracy": [0.9577039480209351, 0.9577039480209351, 0.9637462496757507, 0.9637462496757507, 0.9637462496757507]}