{"loss": [0.5749756097793579, 0.3512374758720398, 0.27381864190101624, 0.19089217483997345, 0.10978945344686508], "binary_accuracy": [0.6523702144622803, 0.8314521908760071, 0.8893905282020569, 0.9262603521347046, 0.9623777270317078], "val_loss": [0.3445764183998108, 0.33395883440971375, 0.43148329854011536, 0.3412662744522095, 0.3871935307979584], "val_binary_accuracy": [0.849397599697113, 0.8704819083213806, 0.8524096608161926, 0.8765060305595398, 0.8704819083213806]}