{"loss": [0.348531574010849, 0.09789524227380753, 0.05873049050569534, 0.030857671052217484, 0.010916093364357948], "binary_accuracy": [0.8195121884346008, 0.9686411023139954, 0.9853658676147461, 0.9923344850540161, 0.9972125291824341], "val_loss": [0.11751817166805267, 0.10418418049812317, 0.10008575767278671, 0.12946255505084991, 0.13017314672470093], "val_binary_accuracy": [0.9581005573272705, 0.9692737460136414, 0.9692737460136414, 0.9664804339408875, 0.9692737460136414]}