{"loss": [0.44188815355300903, 0.2732538878917694, 0.18892055749893188, 0.119564488530159, 0.0714997872710228], "binary_accuracy": [0.7679309248924255, 0.8884716629981995, 0.9342846274375916, 0.9590687155723572, 0.9789710640907288], "val_loss": [0.30751141905784607, 0.33133941888809204, 0.37265676259994507, 0.44531989097595215, 0.47148221731185913], "val_binary_accuracy": [0.8706766963005066, 0.8736842274665833, 0.8616541624069214, 0.8646616339683533, 0.8661653995513916]}