{"loss": [0.5693676471710205, 0.365846186876297, 0.2809651792049408, 0.20597802102565765, 0.11567675322294235], "binary_accuracy": [0.6583897471427917, 0.8382242321968079, 0.8811136484146118, 0.9179834723472595, 0.957110583782196], "val_loss": [0.34338900446891785, 0.3342927098274231, 0.3015386760234833, 0.37585487961769104, 0.36883747577667236], "val_binary_accuracy": [0.8463855385780334, 0.8072289228439331, 0.8795180916786194, 0.8644578456878662, 0.8885542154312134]}