{"loss": [0.33658722043037415, 0.10482622683048248, 0.030739281326532364, 0.012489484623074532, 0.002797596389427781], "binary_accuracy": [0.8098886013031006, 0.9637883305549622, 0.9895543456077576, 0.9951253533363342, 0.9993036389350891], "val_loss": [0.112716443836689, 0.15787504613399506, 0.14900729060173035, 0.16956672072410583, 0.16852405667304993], "val_binary_accuracy": [0.9636871218681335, 0.9553072452545166, 0.9581005573272705, 0.9581005573272705, 0.9581005573272705]}