{"loss": [0.5818721652030945, 0.37906011939048767, 0.24254058301448822, 0.18801169097423553, 0.13625317811965942], "binary_accuracy": [0.6436090469360352, 0.8338345885276794, 0.9037594199180603, 0.9270676970481873, 0.9541353583335876], "val_loss": [0.3446427583694458, 0.32507532835006714, 0.35945093631744385, 0.3502822518348694, 0.355182021856308], "val_binary_accuracy": [0.8343373537063599, 0.8433734774589539, 0.8704819083213806, 0.8674699068069458, 0.8855421543121338]}