{"loss": [0.4516368806362152, 0.2791254222393036, 0.21874089539051056, 0.14997966587543488, 0.1061282604932785], "binary_accuracy": [0.7646616697311401, 0.8868421316146851, 0.9210526347160339, 0.9488722085952759, 0.968796968460083], "val_loss": [0.3202647566795349, 0.3150535821914673, 0.335035502910614, 0.3761630952358246, 0.42296844720840454], "val_binary_accuracy": [0.8689758777618408, 0.8765060305595398, 0.8765060305595398, 0.8870481848716736, 0.8855421543121338]}