{"loss": [0.5933578014373779, 0.3753014802932739, 0.31757667660713196, 0.22399745881557465, 0.16731597483158112], "binary_accuracy": [0.6237772703170776, 0.8276900053024292, 0.8592926859855652, 0.918735921382904, 0.9413092732429504], "val_loss": [0.3896827697753906, 0.3580091893672943, 0.38933131098747253, 0.430831640958786, 0.410794734954834], "val_binary_accuracy": [0.7951807379722595, 0.8524096608161926, 0.8192771077156067, 0.8253012299537659, 0.8313252925872803]}