{"loss": [0.5789012312889099, 0.3308349549770355, 0.22101913392543793, 0.1656465083360672, 0.12035884708166122], "binary_accuracy": [0.6624060273170471, 0.8458646535873413, 0.9060150384902954, 0.932330846786499, 0.9533834457397461], "val_loss": [0.3780629336833954, 0.2856614887714386, 0.28071948885917664, 0.3202752470970154, 0.315189003944397], "val_binary_accuracy": [0.8162650465965271, 0.8734939694404602, 0.8825300931930542, 0.891566276550293, 0.8885542154312134]}