{"loss": [0.592060387134552, 0.4504820704460144, 0.3714061379432678, 0.30706894397735596, 0.197560653090477], "binary_accuracy": [0.6403310894966125, 0.7765237092971802, 0.8276900053024292, 0.8577877879142761, 0.9202407598495483], "val_loss": [0.43007490038871765, 0.3662101626396179, 0.37733757495880127, 0.38433244824409485, 0.36613723635673523], "val_binary_accuracy": [0.7921686768531799, 0.8433734774589539, 0.8162650465965271, 0.8283132314682007, 0.8283132314682007]}