{"loss": [0.5982952117919922, 0.3799426555633545, 0.3009989857673645, 0.2532055974006653, 0.21708743274211884], "binary_accuracy": [0.6270676851272583, 0.8037593960762024, 0.8631578683853149, 0.893233060836792, 0.9075188040733337], "val_loss": [0.519599199295044, 0.3951161503791809, 0.3732497990131378, 0.3783995509147644, 0.35898053646087646], "val_binary_accuracy": [0.608433723449707, 0.7921686768531799, 0.8162650465965271, 0.858433723449707, 0.8343373537063599]}