{"loss": [0.41478392481803894, 0.20659972727298737, 0.1273830085992813, 0.06562808901071548, 0.03457313030958176], "binary_accuracy": [0.789949357509613, 0.9215473532676697, 0.9569776058197021, 0.9826464056968689, 0.9906001687049866], "val_loss": [0.25878459215164185, 0.26023268699645996, 0.29554155468940735, 0.34497135877609253, 0.3638550043106079], "val_binary_accuracy": [0.898697555065155, 0.9044862389564514, 0.9131693243980408, 0.9117221236228943, 0.9073805809020996]}