{"loss": [0.415219247341156, 0.16070030629634857, 0.11077360063791275, 0.07786324620246887, 0.06050728261470795], "binary_accuracy": [0.798606276512146, 0.9400696754455566, 0.9588850140571594, 0.9707317352294922, 0.9790940880775452], "val_loss": [0.16215652227401733, 0.12380367517471313, 0.12373363971710205, 0.1316627860069275, 0.13552245497703552], "val_binary_accuracy": [0.9441340565681458, 0.9441340565681458, 0.9497206807136536, 0.9497206807136536, 0.9497206807136536]}