{"loss": [0.43015915155410767, 0.14034070074558258, 0.08766236156225204, 0.0631369799375534, 0.041236452758312225], "binary_accuracy": [0.7760180830955505, 0.9487179517745972, 0.9758672714233398, 0.9803921580314636, 0.9849170446395874], "val_loss": [0.17486339807510376, 0.1655144989490509, 0.17495796084403992, 0.24191512167453766, 0.2195887565612793], "val_binary_accuracy": [0.903323233127594, 0.9577039480209351, 0.9546827673912048, 0.9577039480209351, 0.9546827673912048]}