{"loss": [0.5251145362854004, 0.25315845012664795, 0.14279715716838837, 0.09557371586561203, 0.05496250092983246], "binary_accuracy": [0.6877351403236389, 0.9021821022033691, 0.9450714588165283, 0.9653875231742859, 0.9826937317848206], "val_loss": [0.29623469710350037, 0.3217048943042755, 0.3988645076751709, 0.3901223838329315, 0.4347900450229645], "val_binary_accuracy": [0.8795180916786194, 0.8765060305595398, 0.8614457845687866, 0.8795180916786194, 0.8825300931930542]}