{"loss": [0.5835397839546204, 0.3615463078022003, 0.2775283753871918, 0.23634742200374603, 0.2071741372346878], "binary_accuracy": [0.6345864534378052, 0.8233082890510559, 0.8849623799324036, 0.8984962701797485, 0.9142857193946838], "val_loss": [0.46234986186027527, 0.40652117133140564, 0.3304978013038635, 0.31747299432754517, 0.32050466537475586], "val_binary_accuracy": [0.6897590160369873, 0.7951807379722595, 0.8463855385780334, 0.8674699068069458, 0.8524096608161926]}