{"loss": [0.7403750419616699, 0.6995503902435303, 0.7214831709861755, 0.639069676399231, 0.5544945597648621], "binary_accuracy": [0.5511277914047241, 0.5556390881538391, 0.5135338306427002, 0.583458662033081, 0.6488721966743469], "val_loss": [0.7120503783226013, 0.8148501515388489, 0.7022490501403809, 0.6831865906715393, 0.546198308467865], "val_binary_accuracy": [0.47289156913757324, 0.47289156913757324, 0.47289156913757324, 0.6837349534034729, 0.7439758777618408]}