{"loss": [0.5625543594360352, 0.2828477919101715, 0.17271199822425842, 0.09974373131990433, 0.062148526310920715], "binary_accuracy": [0.6872180700302124, 0.8849623799324036, 0.9345864653587341, 0.9646616578102112, 0.9781954884529114], "val_loss": [0.3358606994152069, 0.289595365524292, 0.3187755346298218, 0.38110536336898804, 0.3750961124897003], "val_binary_accuracy": [0.8765060305595398, 0.8885542154312134, 0.8975903391838074, 0.8885542154312134, 0.891566276550293]}