{"loss": [0.4565909206867218, 0.15915349125862122, 0.12412955611944199, 0.08152886480093002, 0.07256482541561127], "binary_accuracy": [0.7667130827903748, 0.9401113986968994, 0.9512534737586975, 0.9693593382835388, 0.9707520604133606], "val_loss": [0.16385866701602936, 0.14935120940208435, 0.10338543355464935, 0.09935420751571655, 0.08653122186660767], "val_binary_accuracy": [0.9329608678817749, 0.9301676154136658, 0.9525139927864075, 0.9525139927864075, 0.9664804339408875]}