{"loss": [0.5055946111679077, 0.3317062556743622, 0.24871833622455597, 0.18641674518585205, 0.17170248925685883], "binary_accuracy": [0.7203007340431213, 0.8511278033256531, 0.9045112729072571, 0.9353383183479309, 0.9330826997756958], "val_loss": [0.4296967387199402, 0.37921321392059326, 0.414263516664505, 0.44800955057144165, 0.4466817378997803], "val_binary_accuracy": [0.8162650465965271, 0.8253012299537659, 0.8463855385780334, 0.8373494148254395, 0.8433734774589539]}