{"loss": [0.5633745193481445, 0.36019060015678406, 0.2877638638019562, 0.24890772998332977, 0.1479962170124054], "binary_accuracy": [0.651127815246582, 0.8428571224212646, 0.878947377204895, 0.8999999761581421, 0.9451127648353577], "val_loss": [0.4825323522090912, 0.47935619950294495, 0.4187660217285156, 0.4076806902885437, 0.3993690609931946], "val_binary_accuracy": [0.7771084308624268, 0.8132529854774475, 0.8524096608161926, 0.858433723449707, 0.849397599697113]}