{"loss": [0.46452459692955017, 0.28603658080101013, 0.21265609562397003, 0.16739267110824585, 0.13158397376537323], "binary_accuracy": [0.7580766081809998, 0.8805409669876099, 0.9158527255058289, 0.9342599511146545, 0.9522914886474609], "val_loss": [0.3031623065471649, 0.34555137157440186, 0.4452213943004608, 0.45178964734077454, 0.4116836488246918], "val_binary_accuracy": [0.8691729307174683, 0.8812029957771301, 0.8706766963005066, 0.8766917586326599, 0.8857142925262451]}