{"loss": [0.5980369448661804, 0.39021551609039307, 0.3167400658130646, 0.23763056099414825, 0.20451363921165466], "binary_accuracy": [0.6819548606872559, 0.8075187802314758, 0.8631578683853149, 0.9105263352394104, 0.9225564002990723], "val_loss": [0.37963876128196716, 0.29888901114463806, 0.2887186110019684, 0.3731639087200165, 0.31731128692626953], "val_binary_accuracy": [0.7951807379722595, 0.849397599697113, 0.8825300931930542, 0.8825300931930542, 0.8795180916786194]}