{"loss": [0.36656373739242554, 0.09320827573537827, 0.03791547939181328, 0.01589028164744377, 0.007928512990474701], "binary_accuracy": [0.8132404088973999, 0.9679442644119263, 0.9888501763343811, 0.996515691280365, 0.997909426689148], "val_loss": [0.09710666537284851, 0.1144217774271965, 0.10773467272520065, 0.12785108387470245, 0.12849485874176025], "val_binary_accuracy": [0.9748603105545044, 0.9720670580863953, 0.9748603105545044, 0.9748603105545044, 0.9748603105545044]}