{"loss": [0.29462671279907227, 0.11037236452102661, 0.05970228090882301, 0.021574776619672775, 0.012775923125445843], "binary_accuracy": [0.8522648215293884, 0.9644599556922913, 0.9811846613883972, 0.9923344850540161, 0.996515691280365], "val_loss": [0.1050901710987091, 0.09095479547977448, 0.08022724837064743, 0.07734965533018112, 0.09080138057470322], "val_binary_accuracy": [0.9636871218681335, 0.9748603105545044, 0.9748603105545044, 0.9832402467727661, 0.9860334992408752]}