{"loss": [0.4880192279815674, 0.26746127009391785, 0.19071193039417267, 0.13168694078922272, 0.08659593015909195], "binary_accuracy": [0.7321041226387024, 0.8886478543281555, 0.9287779927253723, 0.953362226486206, 0.972885012626648], "val_loss": [0.37902170419692993, 0.3318409025669098, 0.2510375678539276, 0.2999461591243744, 0.32744622230529785], "val_binary_accuracy": [0.8538350462913513, 0.8827785849571228, 0.9059334397315979, 0.9059334397315979, 0.9073805809020996]}