{"loss": [0.35695093870162964, 0.11766167730093002, 0.06532985717058182, 0.04387153312563896, 0.026675498113036156], "binary_accuracy": [0.7980501651763916, 0.9623955488204956, 0.9839832782745361, 0.9895543456077576, 0.9930362105369568], "val_loss": [0.14277347922325134, 0.18512484431266785, 0.16200515627861023, 0.16244886815547943, 0.16535432636737823], "val_binary_accuracy": [0.9497206807136536, 0.9525139927864075, 0.9581005573272705, 0.9636871218681335, 0.9608938694000244]}