{"loss": [0.5570032000541687, 0.32026177644729614, 0.2094193547964096, 0.15098384022712708, 0.10410918295383453], "binary_accuracy": [0.6857143044471741, 0.853383481502533, 0.9157894849777222, 0.946616530418396, 0.9639097452163696], "val_loss": [0.3319964110851288, 0.34632134437561035, 0.3489656448364258, 0.42234113812446594, 0.4072897136211395], "val_binary_accuracy": [0.849397599697113, 0.8524096608161926, 0.8644578456878662, 0.8734939694404602, 0.8704819083213806]}