{"loss": [0.4838196337223053, 0.2572244703769684, 0.14627605676651, 0.08669207990169525, 0.05329800397157669], "binary_accuracy": [0.7022556662559509, 0.8992481231689453, 0.9443609118461609, 0.9744361042976379, 0.9849624037742615], "val_loss": [0.32454878091812134, 0.35746103525161743, 0.45500779151916504, 0.5727753043174744, 0.48784372210502625], "val_binary_accuracy": [0.8765060305595398, 0.8855421543121338, 0.8885542154312134, 0.8734939694404602, 0.8975903391838074]}