{"loss": [0.37133026123046875, 0.1881674975156784, 0.12352624535560608, 0.05877511948347092, 0.03030049242079258], "binary_accuracy": [0.8041200041770935, 0.9244669079780579, 0.9584387540817261, 0.9797614812850952, 0.9916877746582031], "val_loss": [0.27809664607048035, 0.3688204884529114, 0.4415086805820465, 0.5137773752212524, 0.5345582962036133], "val_binary_accuracy": [0.8943560123443604, 0.9015918970108032, 0.8943560123443604, 0.9015918970108032, 0.8958032131195068]}