{"loss": [0.5795148611068726, 0.36178234219551086, 0.27598389983177185, 0.2360193282365799, 0.1717272251844406], "binary_accuracy": [0.6383458375930786, 0.8240601420402527, 0.8864661455154419, 0.8999999761581421, 0.9330826997756958], "val_loss": [0.48623040318489075, 0.397828072309494, 0.4011741578578949, 0.430594801902771, 0.45469486713409424], "val_binary_accuracy": [0.7771084308624268, 0.8253012299537659, 0.8433734774589539, 0.8343373537063599, 0.8403614163398743]}