{"loss": [0.5126079320907593, 0.30689388513565063, 0.21252425014972687, 0.18415512144565582, 0.13393017649650574], "binary_accuracy": [0.7030075192451477, 0.8684210777282715, 0.9150375723838806, 0.9248120188713074, 0.9518796801567078], "val_loss": [0.39485254883766174, 0.35751840472221375, 0.39623668789863586, 0.467014878988266, 0.4186561703681946], "val_binary_accuracy": [0.8072289228439331, 0.8433734774589539, 0.8674699068069458, 0.8644578456878662, 0.8644578456878662]}