{"loss": [0.41346052289009094, 0.21598277986049652, 0.1442869007587433, 0.06342636793851852, 0.035168640315532684], "binary_accuracy": [0.7700650691986084, 0.9233550429344177, 0.9537237882614136, 0.9840925335884094, 0.990238606929779], "val_loss": [0.30846327543258667, 0.36922892928123474, 0.2866207957267761, 0.36052387952804565, 0.3725724518299103], "val_binary_accuracy": [0.8900144696235657, 0.885672926902771, 0.916063666343689, 0.9175108671188354, 0.9204052090644836]}