{"loss": [0.6895450949668884, 0.5856897234916687, 0.41532719135284424, 0.36099231243133545, 0.3052801191806793], "binary_accuracy": [0.5026335716247559, 0.4811888635158539, 0.49021822214126587, 0.4988713264465332, 0.49398043751716614], "val_loss": [0.6686877608299255, 0.417221337556839, 0.3332355320453644, 0.31361618638038635, 0.2598527669906616], "val_binary_accuracy": [0.5615615844726562, 0.5540540814399719, 0.46846845746040344, 0.5405405163764954, 0.49399399757385254]}