{"loss": [0.40771085023880005, 0.18822632730007172, 0.13581271469593048, 0.09978103637695312, 0.08423464745283127], "binary_accuracy": [0.7672672867774963, 0.9316816926002502, 0.9527027010917664, 0.9662162065505981, 0.9692192077636719], "val_loss": [0.2080605924129486, 0.1304967999458313, 0.12414637207984924, 0.12347295880317688, 0.12755581736564636], "val_binary_accuracy": [0.9186747074127197, 0.9638554453849792, 0.9668674468994141, 0.9608433842658997, 0.9608433842658997]}