{"loss": [0.33446502685546875, 0.10124450922012329, 0.05384691804647446, 0.01973234862089157, 0.010492991656064987], "binary_accuracy": [0.8426184058189392, 0.9686629772186279, 0.9839832782745361, 0.9958217144012451, 0.9972144961357117], "val_loss": [0.16403333842754364, 0.2274872064590454, 0.17162267863750458, 0.20275497436523438, 0.20177596807479858], "val_binary_accuracy": [0.9608938694000244, 0.9497206807136536, 0.9748603105545044, 0.9692737460136414, 0.9692737460136414]}