{"loss": [0.6112203001976013, 0.34373995661735535, 0.2657890021800995, 0.2122306227684021, 0.1580822765827179], "binary_accuracy": [0.6172932386398315, 0.8436090350151062, 0.897744357585907, 0.916541337966919, 0.9338346123695374], "val_loss": [0.35825714468955994, 0.4100176692008972, 0.3672409653663635, 0.4219118654727936, 0.42994198203086853], "val_binary_accuracy": [0.858433723449707, 0.8192771077156067, 0.8554216623306274, 0.8554216623306274, 0.8644578456878662]}