{"loss": [0.3766227960586548, 0.1972607970237732, 0.11483489722013474, 0.07109107077121735, 0.048176564276218414], "binary_accuracy": [0.8148951530456543, 0.9262472987174988, 0.9609544277191162, 0.9761388301849365, 0.9851771593093872], "val_loss": [0.2611179053783417, 0.22446154057979584, 0.36667829751968384, 0.3922698199748993, 0.41228559613227844], "val_binary_accuracy": [0.9117221236228943, 0.9204052090644836, 0.9073805809020996, 0.9175108671188354, 0.9146165251731873]}