{"loss": [0.40518510341644287, 0.20732355117797852, 0.13721683621406555, 0.09436570107936859, 0.07071679830551147], "binary_accuracy": [0.7783001661300659, 0.9240506291389465, 0.9540687203407288, 0.9699819087982178, 0.9801084995269775], "val_loss": [0.235325887799263, 0.22667723894119263, 0.2104126662015915, 0.24681124091148376, 0.2652352750301361], "val_binary_accuracy": [0.916063666343689, 0.9117221236228943, 0.9334298372268677, 0.929088294506073, 0.9319826364517212]}