{"loss": [0.43224892020225525, 0.20662958920001984, 0.14297188818454742, 0.09025648981332779, 0.07347770035266876], "binary_accuracy": [0.7687687873840332, 0.9279279112815857, 0.9519519805908203, 0.9767267107963562, 0.9797297120094299], "val_loss": [0.19191303849220276, 0.19488780200481415, 0.18411745131015778, 0.2161482870578766, 0.23171712458133698], "val_binary_accuracy": [0.9487951993942261, 0.9427710771560669, 0.9487951993942261, 0.9518072009086609, 0.9427710771560669]}