{"loss": [0.37079885601997375, 0.11406421661376953, 0.052700553089380264, 0.02827131375670433, 0.010726235806941986], "binary_accuracy": [0.8098886013031006, 0.9603064060211182, 0.9839832782745361, 0.9916434288024902, 0.9972144961357117], "val_loss": [0.2877676486968994, 0.15999574959278107, 0.18156294524669647, 0.16385775804519653, 0.16961173713207245], "val_binary_accuracy": [0.8882681727409363, 0.9636871218681335, 0.9608938694000244, 0.9692737460136414, 0.9636871218681335]}