{"loss": [0.38297346234321594, 0.17366717755794525, 0.1228460967540741, 0.0944170355796814, 0.07626371830701828], "binary_accuracy": [0.8140060305595398, 0.9359939694404602, 0.9503012299537659, 0.9638554453849792, 0.9683734774589539], "val_loss": [0.18077829480171204, 0.17322634160518646, 0.16813378036022186, 0.17165645956993103, 0.16774919629096985], "val_binary_accuracy": [0.939577043056488, 0.9365558624267578, 0.9486404657363892, 0.9516616463661194, 0.9516616463661194]}