{"loss": [0.5951070189476013, 0.4051590859889984, 0.31447362899780273, 0.2713150084018707, 0.22921456396579742], "binary_accuracy": [0.6526315808296204, 0.7872180342674255, 0.8563909530639648, 0.88345867395401, 0.902255654335022], "val_loss": [0.43892383575439453, 0.4405556619167328, 0.35577526688575745, 0.35989174246788025, 0.34845849871635437], "val_binary_accuracy": [0.7379518151283264, 0.7831325531005859, 0.8343373537063599, 0.8524096608161926, 0.8403614163398743]}