{"loss": [0.5678844451904297, 0.32889094948768616, 0.22836385667324066, 0.17730621993541718, 0.09016215801239014], "binary_accuracy": [0.6609022617340088, 0.8586466312408447, 0.9090225696563721, 0.9285714030265808, 0.9721804261207581], "val_loss": [0.41655606031417847, 0.5005704760551453, 0.524543046951294, 0.5399388670921326, 0.5575143098831177], "val_binary_accuracy": [0.7981927990913391, 0.7740963697433472, 0.8343373537063599, 0.8343373537063599, 0.8253012299537659]}