{"loss": [0.577156126499176, 0.35399916768074036, 0.2712785005569458, 0.2040347456932068, 0.15017291903495789], "binary_accuracy": [0.6654135584831238, 0.8496240377426147, 0.8992481231689453, 0.9203007221221924, 0.9383458495140076], "val_loss": [0.5254164934158325, 0.32238250970840454, 0.3322125971317291, 0.2711830139160156, 0.26957759261131287], "val_binary_accuracy": [0.740963876247406, 0.8644578456878662, 0.8704819083213806, 0.891566276550293, 0.8825300931930542]}