{"loss": [0.4399242699146271, 0.25999724864959717, 0.18423405289649963, 0.13814190030097961, 0.11583143472671509], "binary_accuracy": [0.7645569443702698, 0.8943942189216614, 0.928390622138977, 0.9500904083251953, 0.959855318069458], "val_loss": [0.2556949853897095, 0.21628718078136444, 0.202275350689888, 0.22496861219406128, 0.26474514603614807], "val_binary_accuracy": [0.9044862389564514, 0.92619389295578, 0.9204052090644836, 0.9175108671188354, 0.9218524098396301]}