{"loss": [0.3973274230957031, 0.1532045304775238, 0.07883106917142868, 0.03774465247988701, 0.02430328167974949], "binary_accuracy": [0.7702702879905701, 0.9512012004852295, 0.9722222089767456, 0.9894894957542419, 0.9947447180747986], "val_loss": [0.1702658236026764, 0.12254851311445236, 0.13070344924926758, 0.14553827047348022, 0.14768673479557037], "val_binary_accuracy": [0.9369369149208069, 0.966966986656189, 0.966966986656189, 0.966966986656189, 0.9639639854431152]}