{"loss": [0.5908732414245605, 0.3860121965408325, 0.3188416063785553, 0.26663628220558167, 0.24533332884311676], "binary_accuracy": [0.6375939846038818, 0.8203007578849792, 0.8578947186470032, 0.8842105269432068, 0.8954887390136719], "val_loss": [0.39093729853630066, 0.3396960496902466, 0.30855876207351685, 0.3460146486759186, 0.29679766297340393], "val_binary_accuracy": [0.7951807379722595, 0.8313252925872803, 0.8704819083213806, 0.8734939694404602, 0.8614457845687866]}