{"loss": [0.3825288712978363, 0.1730160415172577, 0.1242704913020134, 0.10562410205602646, 0.08848211169242859], "binary_accuracy": [0.8085585832595825, 0.934684693813324, 0.9557057023048401, 0.9564564824104309, 0.9662162065505981], "val_loss": [0.1353030800819397, 0.10322172939777374, 0.09632878005504608, 0.0996025949716568, 0.09649483114480972], "val_binary_accuracy": [0.9579579830169678, 0.9609609842300415, 0.9699699878692627, 0.9699699878692627, 0.9759759902954102]}