{"loss": [0.5352209806442261, 0.2627146244049072, 0.18705348670482635, 0.14611388742923737, 0.0854649692773819], "binary_accuracy": [0.7075188159942627, 0.8939849734306335, 0.9315789341926575, 0.942105233669281, 0.9744361042976379], "val_loss": [0.34987208247184753, 0.3688517212867737, 0.4022657573223114, 0.44760650396347046, 0.49903810024261475], "val_binary_accuracy": [0.8192771077156067, 0.858433723449707, 0.8704819083213806, 0.8704819083213806, 0.8644578456878662]}