{"loss": [0.49768808484077454, 0.25249651074409485, 0.15132826566696167, 0.07255483418703079, 0.04444253817200661], "binary_accuracy": [0.7037593722343445, 0.8917292952537537, 0.9443609118461609, 0.9751879572868347, 0.9834586381912231], "val_loss": [0.32564449310302734, 0.31682315468788147, 0.329069584608078, 0.39265698194503784, 0.44733595848083496], "val_binary_accuracy": [0.858433723449707, 0.8554216623306274, 0.8674699068069458, 0.8885542154312134, 0.8795180916786194]}