{"loss": [0.3596039116382599, 0.24126110970973969, 0.18929822742938995, 0.14828959107398987, 0.07851013541221619], "binary_accuracy": [0.8335843086242676, 0.9126505851745605, 0.9329819083213806, 0.9533132314682007, 0.9721385836601257], "val_loss": [0.2382730394601822, 0.2081407606601715, 0.23830759525299072, 0.1683204472064972, 0.16176705062389374], "val_binary_accuracy": [0.9274924397468567, 0.9274924397468567, 0.9335347414016724, 0.9486404657363892, 0.9486404657363892]}