{"loss": [0.46740055084228516, 0.27567166090011597, 0.20321764051914215, 0.16587181389331818, 0.13280899822711945], "binary_accuracy": [0.7523499727249146, 0.8962400555610657, 0.9248011708259583, 0.9370932579040527, 0.9548084139823914], "val_loss": [0.32788214087486267, 0.29244479537010193, 0.2878466248512268, 0.3094189465045929, 0.2953188419342041], "val_binary_accuracy": [0.8842257857322693, 0.9001446962356567, 0.9030390977859497, 0.8972503542900085, 0.9030390977859497]}