{"loss": [0.41479888558387756, 0.17504365742206573, 0.09396984428167343, 0.060924552381038666, 0.035896532237529755], "binary_accuracy": [0.7839721441268921, 0.9372822046279907, 0.9686411023139954, 0.9790940880775452, 0.9902439117431641], "val_loss": [0.21483586728572845, 0.15323513746261597, 0.16893881559371948, 0.20825953781604767, 0.19092515110969543], "val_binary_accuracy": [0.9469273686408997, 0.9497206807136536, 0.9664804339408875, 0.9608938694000244, 0.9636871218681335]}