{"loss": [0.4015825390815735, 0.1818343997001648, 0.1040186733007431, 0.07120957970619202, 0.04180376976728439], "binary_accuracy": [0.7874564528465271, 0.9372822046279907, 0.9665505290031433, 0.9749128818511963, 0.9895470142364502], "val_loss": [0.17568911612033844, 0.13178932666778564, 0.17208583652973175, 0.15293295681476593, 0.1538964956998825], "val_binary_accuracy": [0.9357541799545288, 0.9636871218681335, 0.9608938694000244, 0.9720670580863953, 0.9664804339408875]}