{"loss": [0.48503074049949646, 0.29447105526924133, 0.24201752245426178, 0.19886791706085205, 0.17727413773536682], "binary_accuracy": [0.7258367538452148, 0.8710041642189026, 0.8995863199234009, 0.9157577753067017, 0.9300488829612732], "val_loss": [0.3628573715686798, 0.3596726059913635, 0.36457598209381104, 0.36545634269714355, 0.3733553886413574], "val_binary_accuracy": [0.8237951993942261, 0.8358433842658997, 0.8509036302566528, 0.8629518151283264, 0.8614457845687866]}