{"loss": [0.3721938729286194, 0.12788014113903046, 0.08402421325445175, 0.05653391033411026, 0.04821908101439476], "binary_accuracy": [0.8181184530258179, 0.9498257637023926, 0.9721254110336304, 0.9811846613883972, 0.986759603023529], "val_loss": [0.17987436056137085, 0.14940056204795837, 0.1707497090101242, 0.1732303649187088, 0.17556411027908325], "val_binary_accuracy": [0.9357541799545288, 0.9469273686408997, 0.9441340565681458, 0.9525139927864075, 0.9497206807136536]}