{"loss": [0.3592695891857147, 0.11009635776281357, 0.04782051220536232, 0.014261207543313503, 0.006267262622714043], "binary_accuracy": [0.8161559700965881, 0.9637883305549622, 0.9853760600090027, 0.9965181350708008, 0.9986072182655334], "val_loss": [0.09211456030607224, 0.11621854454278946, 0.1269000619649887, 0.19399267435073853, 0.13752393424510956], "val_binary_accuracy": [0.9692737460136414, 0.9692737460136414, 0.9608938694000244, 0.9469273686408997, 0.9692737460136414]}