{"loss": [0.44117826223373413, 0.14362823963165283, 0.09029251337051392, 0.04367705062031746, 0.03779575973749161], "binary_accuracy": [0.7910863757133484, 0.9470751881599426, 0.9679665565490723, 0.984679639339447, 0.9909470677375793], "val_loss": [0.19539742171764374, 0.14648236334323883, 0.15771710872650146, 0.1750832498073578, 0.17662623524665833], "val_binary_accuracy": [0.9329608678817749, 0.9469273686408997, 0.9469273686408997, 0.9497206807136536, 0.9497206807136536]}