{"loss": [0.5854014754295349, 0.36341795325279236, 0.265527606010437, 0.22761321067810059, 0.1399342566728592], "binary_accuracy": [0.6486079692840576, 0.8299473524093628, 0.8916478753089905, 0.9112114310264587, 0.9480812549591064], "val_loss": [0.3957456946372986, 0.3360406756401062, 0.4501354396343231, 0.380327969789505, 0.3757420778274536], "val_binary_accuracy": [0.8253012299537659, 0.849397599697113, 0.8313252925872803, 0.8463855385780334, 0.8674699068069458]}