{"loss": [0.5035739541053772, 0.276893675327301, 0.2088952362537384, 0.1513003259897232, 0.12505465745925903], "binary_accuracy": [0.7175406813621521, 0.8947558999061584, 0.9236889481544495, 0.9522603750228882, 0.9594936966896057], "val_loss": [0.3234730064868927, 0.26060011982917786, 0.2692191004753113, 0.313774049282074, 0.29312607645988464], "val_binary_accuracy": [0.8798842430114746, 0.9088277816772461, 0.9102749824523926, 0.9131693243980408, 0.9059334397315979]}