{"loss": [0.5436499714851379, 0.2715851068496704, 0.14944440126419067, 0.07944205403327942, 0.0507686510682106], "binary_accuracy": [0.6669172644615173, 0.8894736766815186, 0.9428571462631226, 0.9751879572868347, 0.9834586381912231], "val_loss": [0.3393106460571289, 0.341226726770401, 0.39724183082580566, 0.5727332830429077, 0.5459575653076172], "val_binary_accuracy": [0.8463855385780334, 0.8765060305595398, 0.8614457845687866, 0.8674699068069458, 0.8644578456878662]}