{"loss": [0.3987313210964203, 0.2029319405555725, 0.11851426959037781, 0.05173061043024063, 0.02412516064941883], "binary_accuracy": [0.7831586599349976, 0.9215757250785828, 0.9580773115158081, 0.9840983152389526, 0.9931333661079407], "val_loss": [0.27034980058670044, 0.31415703892707825, 0.37354451417922974, 0.4339221119880676, 0.42894425988197327], "val_binary_accuracy": [0.8871201276779175, 0.8900144696235657, 0.9146165251731873, 0.9102749824523926, 0.9044862389564514]}