{"loss": [0.45869481563568115, 0.2603547275066376, 0.18245548009872437, 0.14006955921649933, 0.11002593487501144], "binary_accuracy": [0.751988410949707, 0.8984092473983765, 0.9320318102836609, 0.9540853500366211, 0.9663774371147156], "val_loss": [0.28869393467903137, 0.2758828401565552, 0.2947987914085388, 0.27928680181503296, 0.29435521364212036], "val_binary_accuracy": [0.8943560123443604, 0.9073805809020996, 0.9030390977859497, 0.9189580082893372, 0.9146165251731873]}