{"loss": [0.44337165355682373, 0.2778031826019287, 0.2157772332429886, 0.1750069558620453, 0.10919591784477234], "binary_accuracy": [0.7773762345314026, 0.8897722959518433, 0.9255511164665222, 0.9396458268165588, 0.9627755880355835], "val_loss": [0.27715811133384705, 0.22792455554008484, 0.23732924461364746, 0.25828006863594055, 0.29091933369636536], "val_binary_accuracy": [0.9102749824523926, 0.9189580082893372, 0.9044862389564514, 0.9059334397315979, 0.9030390977859497]}