{"loss": [0.4390716850757599, 0.27887430787086487, 0.22072309255599976, 0.16577842831611633, 0.11073426157236099], "binary_accuracy": [0.7766534090042114, 0.8915793299674988, 0.9222984910011292, 0.9371160268783569, 0.9613299369812012], "val_loss": [0.32580944895744324, 0.3794821500778198, 0.3166143000125885, 0.34338510036468506, 0.374811589717865], "val_binary_accuracy": [0.8509406447410583, 0.8610709309577942, 0.8842257857322693, 0.8885672688484192, 0.9001446962356567]}