{"loss": [0.40357425808906555, 0.201642706990242, 0.1408163160085678, 0.09822283685207367, 0.055143896490335464], "binary_accuracy": [0.7882182598114014, 0.9230213165283203, 0.9504879117012024, 0.970003604888916, 0.9826526641845703], "val_loss": [0.291622519493103, 0.27512645721435547, 0.3352620303630829, 0.382419228553772, 0.37840697169303894], "val_binary_accuracy": [0.8972503542900085, 0.9044862389564514, 0.9001446962356567, 0.9015918970108032, 0.9044862389564514]}