{"loss": [0.4232158064842224, 0.2138303816318512, 0.1539793759584427, 0.12823358178138733, 0.09404070675373077], "binary_accuracy": [0.7554552555084229, 0.9262603521347046, 0.9533483982086182, 0.9676448702812195, 0.9721595048904419], "val_loss": [0.21544969081878662, 0.25035038590431213, 0.14633215963840485, 0.1841370314359665, 0.1787792593240738], "val_binary_accuracy": [0.9457831382751465, 0.9367470145225525, 0.9638554453849792, 0.9457831382751465, 0.9427710771560669]}