{"loss": [0.4539150595664978, 0.23892056941986084, 0.17347703874111176, 0.1197127252817154, 0.0818246454000473], "binary_accuracy": [0.7592191100120544, 0.9038322567939758, 0.9381778836250305, 0.9605929255485535, 0.9718004465103149], "val_loss": [0.30161139369010925, 0.28945082426071167, 0.2562602758407593, 0.2962022125720978, 0.3212139904499054], "val_binary_accuracy": [0.8871201276779175, 0.9044862389564514, 0.9131693243980408, 0.9030390977859497, 0.916063666343689]}