{"loss": [0.4163983166217804, 0.27025002241134644, 0.18089988827705383, 0.10343333333730698, 0.05709455534815788], "binary_accuracy": [0.7976682782173157, 0.8890560269355774, 0.9315532445907593, 0.9661526679992676, 0.9830763339996338], "val_loss": [0.3385595381259918, 0.38430288434028625, 0.4013713598251343, 0.5120243430137634, 0.5737466812133789], "val_binary_accuracy": [0.8539156913757324, 0.8373494148254395, 0.8765060305595398, 0.8674699068069458, 0.8689758777618408]}