{"loss": [0.44856515526771545, 0.24717940390110016, 0.19861803948879242, 0.16151048243045807, 0.1381378322839737], "binary_accuracy": [0.7498192191123962, 0.8958785533905029, 0.9248011708259583, 0.9363701939582825, 0.9457700848579407], "val_loss": [0.3151218593120575, 0.23344238102436066, 0.21983301639556885, 0.23206719756126404, 0.22425827383995056], "val_binary_accuracy": [0.8697539567947388, 0.9088277816772461, 0.9102749824523926, 0.916063666343689, 0.9131693243980408]}