{"loss": [0.440582811832428, 0.17859794199466705, 0.09938456863164902, 0.05623818561434746, 0.043384186923503876], "binary_accuracy": [0.7540069818496704, 0.9393728375434875, 0.9616724848747253, 0.9846689701080322, 0.9874564409255981], "val_loss": [0.2801261842250824, 0.1385643631219864, 0.10772313922643661, 0.13187365233898163, 0.14483694732189178], "val_binary_accuracy": [0.9134078025817871, 0.9497206807136536, 0.9636871218681335, 0.9692737460136414, 0.9636871218681335]}