{"loss": [0.37052053213119507, 0.14856070280075073, 0.08154037594795227, 0.03363336622714996, 0.012459684163331985], "binary_accuracy": [0.7727614641189575, 0.9458239078521729, 0.9744168519973755, 0.9894657731056213, 0.9954853057861328], "val_loss": [0.1487523913383484, 0.1251145601272583, 0.13921687006950378, 0.16471779346466064, 0.18348263204097748], "val_binary_accuracy": [0.9518072009086609, 0.9728915691375732, 0.9548192620277405, 0.9548192620277405, 0.9578313231468201]}