{"loss": [0.3986639082431793, 0.1935817450284958, 0.15828187763690948, 0.14764751493930817, 0.09081750363111496], "binary_accuracy": [0.7742663621902466, 0.9277652502059937, 0.9593679308891296, 0.9556057453155518, 0.9721595048904419], "val_loss": [0.19307267665863037, 0.16151906549930573, 0.14557519555091858, 0.2616603672504425, 0.16733013093471527], "val_binary_accuracy": [0.9246987700462341, 0.9548192620277405, 0.9608433842658997, 0.9337349534034729, 0.9518072009086609]}