{"loss": [0.6630538702011108, 0.41072747111320496, 0.32130593061447144, 0.28906694054603577, 0.2626262605190277], "binary_accuracy": [0.5001885294914246, 0.46700602769851685, 0.4973604679107666, 0.5, 0.4990573227405548], "val_loss": [0.5121896266937256, 0.36051109433174133, 0.3212537169456482, 0.3754914700984955, 0.37023207545280457], "val_binary_accuracy": [0.47360482811927795, 0.4901960790157318, 0.5, 0.4969834089279175, 0.5067873597145081]}