{"loss": [0.39740145206451416, 0.18000143766403198, 0.16007713973522186, 0.1164587214589119, 0.08024850487709045], "binary_accuracy": [0.804804801940918, 0.9324324131011963, 0.9489489197731018, 0.967717707157135, 0.9819819927215576], "val_loss": [0.1530049592256546, 0.1844160556793213, 0.12529069185256958, 0.1418503373861313, 0.16807690262794495], "val_binary_accuracy": [0.9579579830169678, 0.9339339137077332, 0.9639639854431152, 0.966966986656189, 0.9639639854431152]}