{"loss": [0.38407382369041443, 0.17194205522537231, 0.11654313653707504, 0.06971380859613419, 0.054575178772211075], "binary_accuracy": [0.7980501651763916, 0.9477716088294983, 0.9582172632217407, 0.9777158498764038, 0.984679639339447], "val_loss": [0.2060212641954422, 0.21872012317180634, 0.18335625529289246, 0.2337256520986557, 0.19022370874881744], "val_binary_accuracy": [0.9329608678817749, 0.9329608678817749, 0.9469273686408997, 0.9497206807136536, 0.9608938694000244]}