{"loss": [0.4894269108772278, 0.2586192786693573, 0.17637519538402557, 0.13074322044849396, 0.11124730855226517], "binary_accuracy": [0.7179023623466492, 0.8976491689682007, 0.9363471865653992, 0.9566003680229187, 0.9667269587516785], "val_loss": [0.2555151879787445, 0.22175443172454834, 0.2847009301185608, 0.2888459265232086, 0.3048732876777649], "val_binary_accuracy": [0.898697555065155, 0.9218524098396301, 0.9334298372268677, 0.9334298372268677, 0.9334298372268677]}