{"loss": [0.3986748456954956, 0.10393569618463516, 0.04497263953089714, 0.01698472537100315, 0.00908191129565239], "binary_accuracy": [0.7832752466201782, 0.9686411023139954, 0.9853658676147461, 0.9958187937736511, 0.998606264591217], "val_loss": [0.10610184073448181, 0.10427672415971756, 0.1527675837278366, 0.15405184030532837, 0.17678938806056976], "val_binary_accuracy": [0.9553072452545166, 0.9608938694000244, 0.9636871218681335, 0.9608938694000244, 0.9608938694000244]}