{"loss": [0.5051860809326172, 0.2959781289100647, 0.23554225265979767, 0.17150038480758667, 0.1290736198425293], "binary_accuracy": [0.7127299904823303, 0.8824633955955505, 0.9098761081695557, 0.937288761138916, 0.9538114666938782], "val_loss": [0.3030843436717987, 0.2940978407859802, 0.3211072087287903, 0.35846927762031555, 0.36775627732276917], "val_binary_accuracy": [0.8601503968238831, 0.8676691651344299, 0.8751879930496216, 0.8676691651344299, 0.8736842274665833]}