{"loss": [0.38961341977119446, 0.15651895105838776, 0.11431075632572174, 0.0791439414024353, 0.07702279835939407], "binary_accuracy": [0.7923344969749451, 0.9414634108543396, 0.9623693227767944, 0.9707317352294922, 0.9777003526687622], "val_loss": [0.19945921003818512, 0.15580430626869202, 0.16553862392902374, 0.170130655169487, 0.1680700182914734], "val_binary_accuracy": [0.9273743033409119, 0.9497206807136536, 0.9525139927864075, 0.9525139927864075, 0.9497206807136536]}