{"loss": [0.5642096996307373, 0.27977973222732544, 0.1900814175605774, 0.14912614226341248, 0.08436746150255203], "binary_accuracy": [0.6917293071746826, 0.8902255892753601, 0.932330846786499, 0.9413533806800842, 0.969924807548523], "val_loss": [0.34375685453414917, 0.2590951919555664, 0.29401063919067383, 0.3462989330291748, 0.30534398555755615], "val_binary_accuracy": [0.8343373537063599, 0.8855421543121338, 0.891566276550293, 0.8855421543121338, 0.8975903391838074]}