{"loss": [0.4406266212463379, 0.2474340796470642, 0.17392976582050323, 0.1416531503200531, 0.08258488029241562], "binary_accuracy": [0.7744849920272827, 0.9035056233406067, 0.930972158908844, 0.9508492946624756, 0.9707264304161072], "val_loss": [0.3902928829193115, 0.3077894449234009, 0.3023962378501892, 0.3355630934238434, 0.36093348264694214], "val_binary_accuracy": [0.8726483583450317, 0.9044862389564514, 0.8914616703987122, 0.898697555065155, 0.9015918970108032]}