{"loss": [0.44432520866394043, 0.23781746625900269, 0.17366790771484375, 0.121378093957901, 0.10214436054229736], "binary_accuracy": [0.7660881876945496, 0.9056398868560791, 0.9295010566711426, 0.953362226486206, 0.9638466835021973], "val_loss": [0.305053174495697, 0.27257972955703735, 0.2417987883090973, 0.29602426290512085, 0.28657451272010803], "val_binary_accuracy": [0.8842257857322693, 0.9044862389564514, 0.9189580082893372, 0.9117221236228943, 0.916063666343689]}