{"loss": [0.49967148900032043, 0.2682308554649353, 0.21243168413639069, 0.17702363431453705, 0.14957821369171143], "binary_accuracy": [0.70705246925354, 0.8857142925262451, 0.9139240384101868, 0.9345389008522034, 0.9450271129608154], "val_loss": [0.2800099551677704, 0.20955298840999603, 0.2247510552406311, 0.22850051522254944, 0.2297246903181076], "val_binary_accuracy": [0.8943560123443604, 0.9030390977859497, 0.9117221236228943, 0.9117221236228943, 0.9117221236228943]}