{"loss": [0.47647708654403687, 0.30986326932907104, 0.27165794372558594, 0.22706951200962067, 0.20325802266597748], "binary_accuracy": [0.7506571412086487, 0.8610589504241943, 0.8847165107727051, 0.9110026359558105, 0.9170109033584595], "val_loss": [0.32112976908683777, 0.272385835647583, 0.27886560559272766, 0.2779087722301483, 0.28826794028282166], "val_binary_accuracy": [0.8646616339683533, 0.8812029957771301, 0.8887218236923218, 0.8887218236923218, 0.8812029957771301]}