{"loss": [0.6012454628944397, 0.38997340202331543, 0.3005826771259308, 0.26140323281288147, 0.1881779134273529], "binary_accuracy": [0.6207674741744995, 0.8224228620529175, 0.8683220744132996, 0.8916478753089905, 0.9255079030990601], "val_loss": [0.4020027816295624, 0.3714330196380615, 0.364922434091568, 0.33158740401268005, 0.3627585470676422], "val_binary_accuracy": [0.8253012299537659, 0.8222891688346863, 0.8674699068069458, 0.8734939694404602, 0.8704819083213806]}