{"loss": [0.40090295672416687, 0.16390152275562286, 0.09894930571317673, 0.05666668713092804, 0.038834430277347565], "binary_accuracy": [0.7875375151634216, 0.9459459185600281, 0.9707207083702087, 0.9842342138290405, 0.9894894957542419], "val_loss": [0.17809753119945526, 0.12774313986301422, 0.12590600550174713, 0.12631136178970337, 0.12651589512825012], "val_binary_accuracy": [0.924924910068512, 0.966966986656189, 0.9609609842300415, 0.9729729890823364, 0.9699699878692627]}