{"loss": [0.6075314879417419, 0.3584881126880646, 0.2634553015232086, 0.1679246723651886, 0.13441869616508484], "binary_accuracy": [0.6127819418907166, 0.8315789699554443, 0.8766917586326599, 0.9330826997756958, 0.9496240615844727], "val_loss": [0.3861669898033142, 0.3815092146396637, 0.32411882281303406, 0.3486807644367218, 0.35887959599494934], "val_binary_accuracy": [0.8313252925872803, 0.8313252925872803, 0.8614457845687866, 0.8825300931930542, 0.8765060305595398]}