{"loss": [0.3942866325378418, 0.13881951570510864, 0.09904348105192184, 0.07416991144418716, 0.06399375945329666], "binary_accuracy": [0.773676872253418, 0.9463788270950317, 0.964484691619873, 0.9777158498764038, 0.9825905561447144], "val_loss": [0.19400721788406372, 0.14476563036441803, 0.1476736217737198, 0.14279745519161224, 0.1413489431142807], "val_binary_accuracy": [0.9189944267272949, 0.9413408041000366, 0.9497206807136536, 0.9608938694000244, 0.9608938694000244]}