{"loss": [0.6088958382606506, 0.3010629415512085, 0.19656819105148315, 0.125132218003273, 0.08185537904500961], "binary_accuracy": [0.6440932750701904, 0.8705793619155884, 0.9247554540634155, 0.9586154818534851, 0.9691497087478638], "val_loss": [0.3381556272506714, 0.3686116337776184, 0.3398096263408661, 0.358563631772995, 0.3937245011329651], "val_binary_accuracy": [0.8825300931930542, 0.8554216623306274, 0.8795180916786194, 0.8885542154312134, 0.8765060305595398]}