{"loss": [0.5033020973205566, 0.31669944524765015, 0.278152734041214, 0.22915871441364288, 0.17857348918914795], "binary_accuracy": [0.7186912298202515, 0.860849916934967, 0.8939450979232788, 0.9078601002693176, 0.9349379539489746], "val_loss": [0.3670186996459961, 0.34056904911994934, 0.46050357818603516, 0.36606237292289734, 0.4267939329147339], "val_binary_accuracy": [0.8222891688346863, 0.858433723449707, 0.8162650465965271, 0.8433734774589539, 0.8599397540092468]}