{"loss": [0.584701657295227, 0.4014899432659149, 0.35418716073036194, 0.2734096646308899, 0.22837692499160767], "binary_accuracy": [0.6609022617340088, 0.8157894611358643, 0.8571428656578064, 0.8894736766815186, 0.9120301008224487], "val_loss": [0.45778536796569824, 0.5133886933326721, 0.468558669090271, 0.5478942394256592, 0.5561361908912659], "val_binary_accuracy": [0.7650602459907532, 0.7921686768531799, 0.7349397540092468, 0.7620481848716736, 0.8012048006057739]}