{"loss": [0.3579295873641968, 0.12294093519449234, 0.08527107536792755, 0.05051404982805252, 0.024520931765437126], "binary_accuracy": [0.8126741051673889, 0.961002767086029, 0.9756267666816711, 0.9839832782745361, 0.9958217144012451], "val_loss": [0.09384807199239731, 0.12701350450515747, 0.14881330728530884, 0.054716963320970535, 0.05031951144337654], "val_binary_accuracy": [0.9720670580863953, 0.9581005573272705, 0.9525139927864075, 0.9804469347000122, 0.9888268113136292]}