{"loss": [0.5326710939407349, 0.3266776204109192, 0.24852678179740906, 0.18399783968925476, 0.12729595601558685], "binary_accuracy": [0.7022556662559509, 0.8563909530639648, 0.8947368264198303, 0.9390977621078491, 0.9503759145736694], "val_loss": [0.3572140336036682, 0.4062407612800598, 0.3700011074542999, 0.40290266275405884, 0.4109158217906952], "val_binary_accuracy": [0.849397599697113, 0.8403614163398743, 0.8644578456878662, 0.8644578456878662, 0.8674699068069458]}