{"loss": [0.5578683614730835, 0.39194455742836, 0.31539228558540344, 0.264829158782959, 0.21658562123775482], "binary_accuracy": [0.6842105388641357, 0.8157894611358643, 0.8661653995513916, 0.8939849734306335, 0.9120301008224487], "val_loss": [0.5999584794044495, 0.4608827531337738, 0.45041191577911377, 0.46924152970314026, 0.483757346868515], "val_binary_accuracy": [0.7740963697433472, 0.8192771077156067, 0.8343373537063599, 0.7891566157341003, 0.8343373537063599]}