{"loss": [0.5497500896453857, 0.3393620550632477, 0.27239498496055603, 0.20673717558383942, 0.12778106331825256], "binary_accuracy": [0.6691729426383972, 0.8458646535873413, 0.8872180581092834, 0.9225564002990723, 0.9548872113227844], "val_loss": [0.38210955262184143, 0.3668363094329834, 0.4751441180706024, 0.3672744035720825, 0.3766590356826782], "val_binary_accuracy": [0.8253012299537659, 0.8674699068069458, 0.759036123752594, 0.8614457845687866, 0.8704819083213806]}