{"loss": [0.6122885942459106, 0.31396040320396423, 0.18675951659679413, 0.13473676145076752, 0.08892324566841125], "binary_accuracy": [0.6496240496635437, 0.8714285492897034, 0.9248120188713074, 0.9518796801567078, 0.9691729545593262], "val_loss": [0.364206463098526, 0.2947911322116852, 0.3749687373638153, 0.39096012711524963, 0.39868301153182983], "val_binary_accuracy": [0.858433723449707, 0.8825300931930542, 0.8795180916786194, 0.8855421543121338, 0.8885542154312134]}