{"loss": [0.5674394369125366, 0.43834614753723145, 0.37643328309059143, 0.3466474115848541, 0.307327002286911], "binary_accuracy": [0.6533834338188171, 0.7796992659568787, 0.8135338425636292, 0.8330827355384827, 0.8654135465621948], "val_loss": [0.5776252150535583, 0.42086079716682434, 0.41602399945259094, 0.47433310747146606, 0.4267186224460602], "val_binary_accuracy": [0.6265060305595398, 0.7981927990913391, 0.8132529854774475, 0.8132529854774475, 0.8072289228439331]}