{"loss": [0.4185345768928528, 0.2874930202960968, 0.21601863205432892, 0.16693024337291718, 0.12802064418792725], "binary_accuracy": [0.7986989617347717, 0.8749548196792603, 0.9237441420555115, 0.9450668692588806, 0.9620527625083923], "val_loss": [0.3695286810398102, 0.3134034276008606, 0.3348481059074402, 0.3879319429397583, 0.3091057538986206], "val_binary_accuracy": [0.8842257857322693, 0.8871201276779175, 0.8929088115692139, 0.8958032131195068, 0.898697555065155]}