{"loss": [0.5918958187103271, 0.3154080808162689, 0.20005835592746735, 0.10867939889431, 0.07199325412511826], "binary_accuracy": [0.6313017010688782, 0.8607975840568542, 0.9157261252403259, 0.9601203799247742, 0.973664402961731], "val_loss": [0.32947468757629395, 0.3080812692642212, 0.3279373049736023, 0.38109132647514343, 0.4540409445762634], "val_binary_accuracy": [0.8343373537063599, 0.8795180916786194, 0.8704819083213806, 0.8825300931930542, 0.8704819083213806]}