{"loss": [0.5224388241767883, 0.31091922521591187, 0.23153145611286163, 0.1405663788318634, 0.08524161577224731], "binary_accuracy": [0.7135338187217712, 0.869924783706665, 0.8984962701797485, 0.9503759145736694, 0.9751879572868347], "val_loss": [0.4677374064922333, 0.424329549074173, 0.45984122157096863, 0.4525802731513977, 0.4738793969154358], "val_binary_accuracy": [0.7861445546150208, 0.8403614163398743, 0.8433734774589539, 0.849397599697113, 0.858433723449707]}