{"loss": [0.41560837626457214, 0.23285725712776184, 0.17937293648719788, 0.11191564798355103, 0.07380650192499161], "binary_accuracy": [0.7777376174926758, 0.907119631767273, 0.9363932013511658, 0.960968554019928, 0.979400098323822], "val_loss": [0.30097657442092896, 0.25334036350250244, 0.2623208165168762, 0.3176738917827606, 0.3152473568916321], "val_binary_accuracy": [0.9015918970108032, 0.9131693243980408, 0.9131693243980408, 0.9102749824523926, 0.9175108671188354]}