{"loss": [0.5435528755187988, 0.3454413115978241, 0.24223430454730988, 0.1946399211883545, 0.13709047436714172], "binary_accuracy": [0.699999988079071, 0.8526315689086914, 0.902255654335022, 0.9255639314651489, 0.9451127648353577], "val_loss": [0.4160947799682617, 0.44411247968673706, 0.48940208554267883, 0.47319158911705017, 0.4996432662010193], "val_binary_accuracy": [0.8313252925872803, 0.7951807379722595, 0.7831325531005859, 0.8253012299537659, 0.8042168617248535]}