{"loss": [0.6208632588386536, 0.44204485416412354, 0.4172823429107666, 0.3050452470779419, 0.26218658685684204], "binary_accuracy": [0.6486079692840576, 0.7923250794410706, 0.8036117553710938, 0.8781038522720337, 0.897667407989502], "val_loss": [0.3995920717716217, 0.3729223310947418, 0.44800424575805664, 0.4376696050167084, 0.393572598695755], "val_binary_accuracy": [0.8162650465965271, 0.8313252925872803, 0.7891566157341003, 0.8373494148254395, 0.849397599697113]}