{"loss": [0.5461642742156982, 0.2977561950683594, 0.17221097648143768, 0.13107745349407196, 0.07843487709760666], "binary_accuracy": [0.6879699230194092, 0.8781954646110535, 0.9345864653587341, 0.9533834457397461, 0.9759398698806763], "val_loss": [0.33383527398109436, 0.30292603373527527, 0.3566166162490845, 0.40455663204193115, 0.38088110089302063], "val_binary_accuracy": [0.8614457845687866, 0.8795180916786194, 0.8855421543121338, 0.8704819083213806, 0.891566276550293]}