{"loss": [0.4623703062534332, 0.26246070861816406, 0.20158420503139496, 0.17196103930473328, 0.1449725329875946], "binary_accuracy": [0.7417721748352051, 0.885352611541748, 0.9139240384101868, 0.9370705485343933, 0.9479204416275024], "val_loss": [0.24447788298130035, 0.21566960215568542, 0.22226791083812714, 0.23646952211856842, 0.23362059891223907], "val_binary_accuracy": [0.9044862389564514, 0.8972503542900085, 0.9146165251731873, 0.916063666343689, 0.9175108671188354]}