{"loss": [0.46832016110420227, 0.24113723635673523, 0.1760578155517578, 0.12265892326831818, 0.085075244307518], "binary_accuracy": [0.7471970915794373, 0.9081374406814575, 0.9367088675498962, 0.9613019824028015, 0.9717902541160583], "val_loss": [0.24732807278633118, 0.20552146434783936, 0.2633974254131317, 0.2745121121406555, 0.2682359218597412], "val_binary_accuracy": [0.9131693243980408, 0.9276410937309265, 0.9146165251731873, 0.9204052090644836, 0.92619389295578]}