{"loss": [0.6963769197463989, 0.6559938788414001, 0.4445047080516815, 0.3399955630302429, 0.26587286591529846], "binary_accuracy": [0.5367088317871094, 0.5913200974464417, 0.794575035572052, 0.8528028726577759, 0.8940325379371643], "val_loss": [0.711010754108429, 0.4581845998764038, 0.3679523468017578, 0.27060893177986145, 0.26577627658843994], "val_binary_accuracy": [0.49927639961242676, 0.814761221408844, 0.8408104181289673, 0.8740954995155334, 0.8929088115692139]}