{"loss": [0.33285194635391235, 0.09547828882932663, 0.05411674082279205, 0.021506182849407196, 0.008263283409178257], "binary_accuracy": [0.8328690528869629, 0.9693593382835388, 0.9832869172096252, 0.9937325716018677, 0.9979108572006226], "val_loss": [0.08765891194343567, 0.1257607489824295, 0.13900436460971832, 0.06716760993003845, 0.06715762615203857], "val_binary_accuracy": [0.9553072452545166, 0.9497206807136536, 0.9553072452545166, 0.9804469347000122, 0.9776536226272583]}