{"loss": [0.3624541461467743, 0.14109094440937042, 0.06970906257629395, 0.032165803015232086, 0.021907173097133636], "binary_accuracy": [0.815330982208252, 0.9616724848747253, 0.9783971905708313, 0.9902439117431641, 0.9944250583648682], "val_loss": [0.15022100508213043, 0.11916879564523697, 0.1194351464509964, 0.11249390989542007, 0.11976247280836105], "val_binary_accuracy": [0.9553072452545166, 0.9692737460136414, 0.9664804339408875, 0.9720670580863953, 0.9692737460136414]}