{"loss": [0.5292749404907227, 0.3693622350692749, 0.2393142133951187, 0.12034407258033752, 0.06529819965362549], "binary_accuracy": [0.6945071220397949, 0.8261851072311401, 0.9006772041320801, 0.957110583782196, 0.981941282749176], "val_loss": [0.38894957304000854, 0.3446114659309387, 0.38613343238830566, 0.45815572142601013, 0.5098903775215149], "val_binary_accuracy": [0.8343373537063599, 0.8373494148254395, 0.8403614163398743, 0.8343373537063599, 0.8253012299537659]}