{"loss": [0.394849956035614, 0.17982737720012665, 0.14686807990074158, 0.11286060512065887, 0.05067688971757889], "binary_accuracy": [0.8118466734886169, 0.9372822046279907, 0.9588850140571594, 0.9679442644119263, 0.9888501763343811], "val_loss": [0.15825650095939636, 0.16932661831378937, 0.11672617495059967, 0.16096745431423187, 0.16735440492630005], "val_binary_accuracy": [0.9581005573272705, 0.9553072452545166, 0.9664804339408875, 0.9636871218681335, 0.9608938694000244]}