{"loss": [0.537307620048523, 0.2989113926887512, 0.204092338681221, 0.18692512810230255, 0.12846985459327698], "binary_accuracy": [0.7015037536621094, 0.8639097809791565, 0.9218044877052307, 0.9293233156204224, 0.9496240615844727], "val_loss": [0.34828001260757446, 0.2986984848976135, 0.27355191111564636, 0.31124529242515564, 0.28102266788482666], "val_binary_accuracy": [0.8524096608161926, 0.8704819083213806, 0.8975903391838074, 0.9096385836601257, 0.9066265225410461]}