{"loss": [0.4481446146965027, 0.2346295565366745, 0.17779016494750977, 0.12430248409509659, 0.08561746776103973], "binary_accuracy": [0.7448500394821167, 0.9092880487442017, 0.9418142437934875, 0.9595229625701904, 0.9732562303543091], "val_loss": [0.2881511151790619, 0.3108292818069458, 0.29401031136512756, 0.3630211651325226, 0.3459162712097168], "val_binary_accuracy": [0.8929088115692139, 0.8958032131195068, 0.9001446962356567, 0.9030390977859497, 0.9044862389564514]}