{"loss": [0.4361919164657593, 0.20408429205417633, 0.12620921432971954, 0.09815961867570877, 0.0677943304181099], "binary_accuracy": [0.7785285115242004, 0.9384384155273438, 0.9564564824104309, 0.9744744896888733, 0.9834834933280945], "val_loss": [0.15354202687740326, 0.1896488219499588, 0.16881366074085236, 0.17010024189949036, 0.148938849568367], "val_binary_accuracy": [0.9579579830169678, 0.9489489197731018, 0.9579579830169678, 0.9579579830169678, 0.9699699878692627]}