{"loss": [0.3804697096347809, 0.1512870192527771, 0.10830280184745789, 0.07665359973907471, 0.06461425870656967], "binary_accuracy": [0.8057103157043457, 0.9463788270950317, 0.9554317593574524, 0.972841203212738, 0.972841203212738], "val_loss": [0.20509104430675507, 0.15184266865253448, 0.16139206290245056, 0.17180655896663666, 0.17398039996623993], "val_binary_accuracy": [0.9329608678817749, 0.9525139927864075, 0.9581005573272705, 0.9608938694000244, 0.9553072452545166]}