{"loss": [0.48336195945739746, 0.3166331946849823, 0.22326748073101044, 0.1456061750650406, 0.1093248724937439], "binary_accuracy": [0.754511296749115, 0.8672932386398315, 0.9150375723838806, 0.951127827167511, 0.9642857313156128], "val_loss": [0.3864883780479431, 0.32454708218574524, 0.3522091507911682, 0.39659401774406433, 0.4330509901046753], "val_binary_accuracy": [0.8481202721595764, 0.8796992301940918, 0.8751879930496216, 0.8766917586326599, 0.8872180581092834]}