{"loss": [0.4421672821044922, 0.23909355700016022, 0.1679447740316391, 0.1256384700536728, 0.09605410695075989], "binary_accuracy": [0.7692586183547974, 0.9056057929992676, 0.9323688745498657, 0.9558770060539246, 0.9663652777671814], "val_loss": [0.24329301714897156, 0.20178647339344025, 0.2021566927433014, 0.25058624148368835, 0.26488661766052246], "val_binary_accuracy": [0.898697555065155, 0.916063666343689, 0.9189580082893372, 0.9218524098396301, 0.9232995510101318]}