{"loss": [0.3952752947807312, 0.17430637776851654, 0.13335606455802917, 0.10808036476373672, 0.08558478206396103], "binary_accuracy": [0.8096312880516052, 0.9360421299934387, 0.9541008472442627, 0.966892421245575, 0.9714070558547974], "val_loss": [0.20028088986873627, 0.15144993364810944, 0.14811964333057404, 0.15915639698505402, 0.16264474391937256], "val_binary_accuracy": [0.9216867685317993, 0.9397590160369873, 0.9487951993942261, 0.9427710771560669, 0.9427710771560669]}