{"loss": [0.4446118474006653, 0.268159419298172, 0.1732293963432312, 0.09780359268188477, 0.06136230751872063], "binary_accuracy": [0.7703007459640503, 0.8894736766815186, 0.9394736886024475, 0.968796968460083, 0.9834586381912231], "val_loss": [0.36275702714920044, 0.32318273186683655, 0.387439101934433, 0.49628111720085144, 0.5512751936912537], "val_binary_accuracy": [0.8676691651344299, 0.8796992301940918, 0.8721804618835449, 0.8781954646110535, 0.8842105269432068]}