{"loss": [0.42163315415382385, 0.16984178125858307, 0.10320185869932175, 0.06125301122665405, 0.03797536343336105], "binary_accuracy": [0.7756097316741943, 0.9407665729522705, 0.9665505290031433, 0.9770034551620483, 0.9895470142364502], "val_loss": [0.11761901527643204, 0.10318835079669952, 0.07451263070106506, 0.10119517892599106, 0.07470755279064178], "val_binary_accuracy": [0.9608938694000244, 0.9608938694000244, 0.9720670580863953, 0.9748603105545044, 0.9776536226272583]}