{"loss": [0.3279605209827423, 0.09751200675964355, 0.04860461503267288, 0.029230723157525063, 0.01632448099553585], "binary_accuracy": [0.8433147668838501, 0.9686629772186279, 0.9888579249382019, 0.9944289922714233, 0.9965181350708008], "val_loss": [0.14947409927845, 0.1921112835407257, 0.23386700451374054, 0.21545231342315674, 0.21088720858097076], "val_binary_accuracy": [0.9664804339408875, 0.9636871218681335, 0.9608938694000244, 0.9692737460136414, 0.9664804339408875]}