{"loss": [0.550167441368103, 0.3611138164997101, 0.24607273936271667, 0.158153235912323, 0.09154056757688522], "binary_accuracy": [0.6847253441810608, 0.8344619870185852, 0.9036870002746582, 0.9405568242073059, 0.9729119539260864], "val_loss": [0.3598756492137909, 0.36470872163772583, 0.26245051622390747, 0.2656516432762146, 0.28006669878959656], "val_binary_accuracy": [0.8554216623306274, 0.8554216623306274, 0.8795180916786194, 0.8885542154312134, 0.8975903391838074]}