{"loss": [0.33848094940185547, 0.14595599472522736, 0.0933331772685051, 0.08208947628736496, 0.03944873437285423], "binary_accuracy": [0.8344619870185852, 0.9518435001373291, 0.9714070558547974, 0.9729119539260864, 0.9879608750343323], "val_loss": [0.13179364800453186, 0.13239535689353943, 0.11549250036478043, 0.12432855367660522, 0.16191774606704712], "val_binary_accuracy": [0.9487951993942261, 0.9668674468994141, 0.9668674468994141, 0.9638554453849792, 0.9548192620277405]}