{"loss": [0.5536537170410156, 0.32731133699417114, 0.20252452790737152, 0.1326373815536499, 0.08459719270467758], "binary_accuracy": [0.6967644691467285, 0.8615500330924988, 0.9179834723472595, 0.9541008472442627, 0.97516930103302], "val_loss": [0.3677411377429962, 0.3047879934310913, 0.30598604679107666, 0.3407640755176544, 0.37134236097335815], "val_binary_accuracy": [0.8192771077156067, 0.8614457845687866, 0.8855421543121338, 0.8855421543121338, 0.8885542154312134]}