{"loss": [0.5945286154747009, 0.31806114315986633, 0.1884501427412033, 0.11524919420480728, 0.08557163178920746], "binary_accuracy": [0.6252821683883667, 0.8690744638442993, 0.9285176992416382, 0.9586154818534851, 0.9706546068191528], "val_loss": [0.3759740889072418, 0.3277898132801056, 0.3785631060600281, 0.41389200091362, 0.41599076986312866], "val_binary_accuracy": [0.8313252925872803, 0.8644578456878662, 0.8614457845687866, 0.8674699068069458, 0.8855421543121338]}