{"loss": [0.4120945930480957, 0.2042292356491089, 0.13146130740642548, 0.08473004400730133, 0.04204702749848366], "binary_accuracy": [0.7805495262145996, 0.9219089150428772, 0.9577006697654724, 0.974692702293396, 0.9866232872009277], "val_loss": [0.2608155608177185, 0.275613933801651, 0.29926708340644836, 0.3595261871814728, 0.3794019818305969], "val_binary_accuracy": [0.9015918970108032, 0.9001446962356567, 0.9001446962356567, 0.9044862389564514, 0.9059334397315979]}