{"loss": [0.5709668397903442, 0.344087153673172, 0.2540563941001892, 0.1768404245376587, 0.15407510101795197], "binary_accuracy": [0.6436090469360352, 0.8473684191703796, 0.8909774422645569, 0.9345864653587341, 0.9443609118461609], "val_loss": [0.42146944999694824, 0.37634551525115967, 0.38628652691841125, 0.39242488145828247, 0.4115282893180847], "val_binary_accuracy": [0.7981927990913391, 0.8343373537063599, 0.8283132314682007, 0.8403614163398743, 0.8403614163398743]}