{"loss": [0.426366925239563, 0.14509917795658112, 0.06772121042013168, 0.049901753664016724, 0.028691831976175308], "binary_accuracy": [0.7537650465965271, 0.9495481848716736, 0.9766566157341003, 0.9864457845687866, 0.9924699068069458], "val_loss": [0.16474123299121857, 0.1465717852115631, 0.21150073409080505, 0.22261756658554077, 0.1984996497631073], "val_binary_accuracy": [0.9456193447113037, 0.9546827673912048, 0.9516616463661194, 0.9456193447113037, 0.9456193447113037]}