{"loss": [0.3802458345890045, 0.11756738275289536, 0.06498049199581146, 0.025592923164367676, 0.01878722384572029], "binary_accuracy": [0.7979093790054321, 0.9595818519592285, 0.9804878234863281, 0.995121955871582, 0.995121955871582], "val_loss": [0.11851662397384644, 0.13172438740730286, 0.12908583879470825, 0.15449537336826324, 0.16052056849002838], "val_binary_accuracy": [0.9664804339408875, 0.9636871218681335, 0.9664804339408875, 0.9636871218681335, 0.9664804339408875]}