{"loss": [0.4003351330757141, 0.21709489822387695, 0.1512550562620163, 0.10401098430156708, 0.06989745795726776], "binary_accuracy": [0.7942942976951599, 0.9211711883544922, 0.9361861944198608, 0.9662162065505981, 0.9827327132225037], "val_loss": [0.169569730758667, 0.14977723360061646, 0.14995266497135162, 0.1768256425857544, 0.19609251618385315], "val_binary_accuracy": [0.9608433842658997, 0.9186747074127197, 0.9608433842658997, 0.9638554453849792, 0.9608433842658997]}