{"loss": [0.3468416631221771, 0.10497810691595078, 0.037775035947561264, 0.01975523866713047, 0.009849265217781067], "binary_accuracy": [0.8390243649482727, 0.9651567935943604, 0.9902439117431641, 0.996515691280365, 0.9972125291824341], "val_loss": [0.11216716468334198, 0.1384863257408142, 0.1613634079694748, 0.16838403046131134, 0.17132727801799774], "val_binary_accuracy": [0.9608938694000244, 0.9636871218681335, 0.9553072452545166, 0.9608938694000244, 0.9636871218681335]}