{"loss": [0.49562975764274597, 0.30521872639656067, 0.24445626139640808, 0.17040421068668365, 0.12434613704681396], "binary_accuracy": [0.7405039668083191, 0.8672433495521545, 0.9033471345901489, 0.9383226633071899, 0.9571267366409302], "val_loss": [0.36689290404319763, 0.3047216534614563, 0.3255646526813507, 0.3651576638221741, 0.3910415768623352], "val_binary_accuracy": [0.7951807379722595, 0.8795180916786194, 0.8689758777618408, 0.865963876247406, 0.884036123752594]}