{"loss": [0.342931866645813, 0.14738939702510834, 0.09921235591173172, 0.07353575527667999, 0.05798279866576195], "binary_accuracy": [0.8467966318130493, 0.9456824660301208, 0.9630919098854065, 0.9777158498764038, 0.9825905561447144], "val_loss": [0.18723048269748688, 0.15184742212295532, 0.15000732243061066, 0.15247389674186707, 0.16238707304000854], "val_binary_accuracy": [0.9273743033409119, 0.9525139927864075, 0.9581005573272705, 0.9608938694000244, 0.9581005573272705]}