{"loss": [0.6257026791572571, 0.4623161852359772, 0.37128379940986633, 0.35132113099098206, 0.3171544373035431], "binary_accuracy": [0.6094807982444763, 0.7569600939750671, 0.8314521908760071, 0.842738926410675, 0.8630549311637878], "val_loss": [0.4449794590473175, 0.3908192813396454, 0.36946922540664673, 0.3613670766353607, 0.3628155589103699], "val_binary_accuracy": [0.7680723071098328, 0.7801204919815063, 0.8162650465965271, 0.849397599697113, 0.8433734774589539]}