{"loss": [0.40672925114631653, 0.1808912754058838, 0.12693706154823303, 0.10252848267555237, 0.062163807451725006], "binary_accuracy": [0.7888805270195007, 0.9368895292282104, 0.9564237594604492, 0.9676934480667114, 0.980465829372406], "val_loss": [0.18773819506168365, 0.14389795064926147, 0.1625359058380127, 0.14781436324119568, 0.154073566198349], "val_binary_accuracy": [0.9487951993942261, 0.9608433842658997, 0.9487951993942261, 0.9578313231468201, 0.9578313231468201]}