{"loss": [0.3680507242679596, 0.18663637340068817, 0.12574085593223572, 0.06528463214635849, 0.035973258316516876], "binary_accuracy": [0.8144665360450745, 0.9291139245033264, 0.959855318069458, 0.9793851971626282, 0.9891501069068909], "val_loss": [0.20741908252239227, 0.252472460269928, 0.27469220757484436, 0.3091747462749481, 0.3382342755794525], "val_binary_accuracy": [0.9218524098396301, 0.916063666343689, 0.92619389295578, 0.9305354356765747, 0.92619389295578]}