{"loss": [0.37836959958076477, 0.19915901124477386, 0.13326624035835266, 0.06527005136013031, 0.04434007778763771], "binary_accuracy": [0.8257839679718018, 0.9324041604995728, 0.9512194991111755, 0.9839721322059631, 0.9895470142364502], "val_loss": [0.26755645871162415, 0.1545039415359497, 0.11812128871679306, 0.24106568098068237, 0.19514162838459015], "val_binary_accuracy": [0.9301676154136658, 0.9636871218681335, 0.9608938694000244, 0.9497206807136536, 0.9608938694000244]}