{"loss": [0.5200915932655334, 0.2800467908382416, 0.19113151729106903, 0.10172238200902939, 0.05423617735505104], "binary_accuracy": [0.7170805335044861, 0.8856282830238342, 0.9292701482772827, 0.968397319316864, 0.9849510788917542], "val_loss": [0.33313602209091187, 0.3323943018913269, 0.3163953423500061, 0.3715762495994568, 0.39597105979919434], "val_binary_accuracy": [0.8734939694404602, 0.8945783376693726, 0.891566276550293, 0.8885542154312134, 0.891566276550293]}