{"loss": [0.43105435371398926, 0.1815740466117859, 0.10051275789737701, 0.07333773374557495, 0.045509859919548035], "binary_accuracy": [0.7749128937721252, 0.9337978959083557, 0.9728223085403442, 0.9783971905708313, 0.986759603023529], "val_loss": [0.20488134026527405, 0.12788352370262146, 0.15942656993865967, 0.16009323298931122, 0.1514918953180313], "val_binary_accuracy": [0.9385474920272827, 0.9525139927864075, 0.9636871218681335, 0.9664804339408875, 0.9608938694000244]}