{"loss": [0.3574729859828949, 0.17884761095046997, 0.16443458199501038, 0.10026227682828903, 0.07497449964284897], "binary_accuracy": [0.8337095379829407, 0.9382994771003723, 0.9443190097808838, 0.973664402961731, 0.9796839952468872], "val_loss": [0.1635865867137909, 0.14459124207496643, 0.20808164775371552, 0.17130325734615326, 0.21072429418563843], "val_binary_accuracy": [0.9578313231468201, 0.9487951993942261, 0.9487951993942261, 0.9578313231468201, 0.9487951993942261]}