{"loss": [0.3744962811470032, 0.09470154345035553, 0.02475910075008869, 0.008613805286586285, 0.003826744155958295], "binary_accuracy": [0.7881532907485962, 0.9665505290031433, 0.9909407496452332, 0.9958187937736511, 0.997909426689148], "val_loss": [0.14786826074123383, 0.18573789298534393, 0.18077503144741058, 0.2035929262638092, 0.2674548625946045], "val_binary_accuracy": [0.9469273686408997, 0.9608938694000244, 0.9636871218681335, 0.9608938694000244, 0.9636871218681335]}