{"loss": [0.5701093673706055, 0.39340829849243164, 0.30343353748321533, 0.2588346004486084, 0.2527187168598175], "binary_accuracy": [0.6533834338188171, 0.8105263113975525, 0.878947377204895, 0.902255654335022, 0.8857142925262451], "val_loss": [0.46545934677124023, 0.47048503160476685, 0.48168784379959106, 0.5326040983200073, 0.553448498249054], "val_binary_accuracy": [0.7861445546150208, 0.8072289228439331, 0.8072289228439331, 0.7710843086242676, 0.7891566157341003]}