{"loss": [0.5909627079963684, 0.3465392291545868, 0.2294008582830429, 0.16319407522678375, 0.13595286011695862], "binary_accuracy": [0.6398496031761169, 0.8383458852767944, 0.9037594199180603, 0.942105233669281, 0.9578947424888611], "val_loss": [0.4290774166584015, 0.2993897497653961, 0.3343731760978699, 0.36899110674858093, 0.3842642307281494], "val_binary_accuracy": [0.8433734774589539, 0.8734939694404602, 0.8855421543121338, 0.900602400302887, 0.8765060305595398]}