{"loss": [0.4471258223056793, 0.2179604321718216, 0.172578364610672, 0.11031056195497513, 0.09352577477693558], "binary_accuracy": [0.7742160558700562, 0.9268292784690857, 0.9533101320266724, 0.9721254110336304, 0.9770034551620483], "val_loss": [0.1618218719959259, 0.1305459588766098, 0.17723172903060913, 0.1398373544216156, 0.20235393941402435], "val_binary_accuracy": [0.9525139927864075, 0.9636871218681335, 0.9497206807136536, 0.9608938694000244, 0.9441340565681458]}