{"loss": [0.461330384016037, 0.2702614963054657, 0.21033036708831787, 0.17287437617778778, 0.15111498534679413], "binary_accuracy": [0.7421337962150574, 0.8781193494796753, 0.9128390550613403, 0.9301989078521729, 0.9435804486274719], "val_loss": [0.2543783485889435, 0.21429049968719482, 0.21238578855991364, 0.23397216200828552, 0.21633005142211914], "val_binary_accuracy": [0.8871201276779175, 0.9088277816772461, 0.9117221236228943, 0.9131693243980408, 0.916063666343689]}