{"loss": [0.6090009212493896, 0.36858364939689636, 0.29064998030662537, 0.20481014251708984, 0.15255104005336761], "binary_accuracy": [0.6267870664596558, 0.8404815793037415, 0.8841233849525452, 0.9224981069564819, 0.9450714588165283], "val_loss": [0.35965120792388916, 0.38446587324142456, 0.3492996394634247, 0.37389057874679565, 0.39476218819618225], "val_binary_accuracy": [0.8463855385780334, 0.8343373537063599, 0.8734939694404602, 0.8614457845687866, 0.8765060305595398]}